"Experiment ID","Dataset 1","Dataset 2","Matching Rule ID","Matching Rule Threshold","Blocker ID","Precision (Train)","Recall (Train)","F1 (Train)","Precision (Test)","Recall (Test)","F1 (Test)","#corr","Duration","Reduction ratio","#blocked pairs"
"1_1_85_dbpedia_forbes","dbpedia","forbes","1","0.85","1","0.9878787878787879","0.806930693069307","0.888283378746594","0.9642857142857143","0.7714285714285715","0.8571428571428572","742","0:00:27.067","0.9003801405249019","-1"
"1_1_85_dbpedia_dw","dbpedia","dw","1","0.85","1","0.9433198380566802","0.8442028985507246","0.8910133843212237","0.9222222222222223","0.8217821782178217","0.869109947643979","691","0:00:23.875","0.9026201913678665","-1"
"1_1_85_dw_forbes","dw","forbes","1","0.85","1","0.9836065573770492","0.8275862068965517","0.8988764044943819","1.0","0.8148148148148148","0.8979591836734693","1467","0:00:09.517","0.9023963097713098","-1"
"2_1_85_dbpedia_forbes","dbpedia","forbes","2","0.85","1","1.0","0.5396039603960396","0.7009646302250804","1.0","0.5142857142857142","0.6792452830188679","530","0:00:24.356","0.9003801405249019","-1"
"2_1_85_dbpedia_dw","dbpedia","dw","2","0.85","1","1.0","0.7336956521739131","0.8463949843260188","1.0","0.7128712871287128","0.8323699421965318","477","0:00:22.585","0.9026201913678665","-1"
"2_1_85_dw_forbes","dw","forbes","2","0.85","1","1.0","0.7724137931034483","0.8715953307392996","1.0","0.7777777777777778","0.8750000000000001","1405","0:00:08.984","0.9023963097713098","-1"
"3_1_85_dbpedia_forbes","dbpedia","forbes","3","0.85","1","0.9644970414201184","0.806930693069307","0.8787061994609165","0.9642857142857143","0.7714285714285715","0.8571428571428572","752","0:00:19.257","0.9003801405249019","-1"
"3_1_85_dbpedia_dw","dbpedia","dw","3","0.85","1","0.9343936381709742","0.8514492753623188","0.8909952606635071","0.9230769230769231","0.8316831683168316","0.8749999999999999","706","0:00:16.941","0.9026201913678665","-1"
"3_1_85_dw_forbes","dw","forbes","3","0.85","1","0.9144736842105263","0.9586206896551724","0.936026936026936","0.9629629629629629","0.9629629629629629","0.9629629629629629","1506","0:00:06.974","0.9023963097713098","-1"
"4_1_85_dbpedia_forbes","dbpedia","forbes","4","0.85","1","0.9644970414201184","0.806930693069307","0.8787061994609165","0.9642857142857143","0.7714285714285715","0.8571428571428572","752","0:00:19.007","0.9003801405249019","-1"
"4_1_85_dbpedia_dw","dbpedia","dw","4","0.85","1","0.9343936381709742","0.8514492753623188","0.8909952606635071","0.9230769230769231","0.8316831683168316","0.8749999999999999","706","0:00:17.108","0.9026201913678665","-1"
"4_1_85_dw_forbes","dw","forbes","4","0.85","1","0.9144736842105263","0.9586206896551724","0.936026936026936","0.9629629629629629","0.9629629629629629","0.9629629629629629","1506","0:00:07.035","0.9023963097713098","-1"
"5_1_85_dbpedia_forbes","dbpedia","forbes","5","0.85","1","0.9878787878787879","0.806930693069307","0.888283378746594","0.9642857142857143","0.7714285714285715","0.8571428571428572","743","0:00:44.113","0.9003801405249019","-1"
"5_1_85_dbpedia_dw","dbpedia","dw","5","0.85","1","0.9433198380566802","0.8442028985507246","0.8910133843212237","0.9222222222222223","0.8217821782178217","0.869109947643979","691","0:00:39.454","0.9026201913678665","-1"
"5_1_85_dw_forbes","dw","forbes","5","0.85","1","0.9761904761904762","0.8482758620689655","0.9077490774907749","1.0","0.8148148148148148","0.8979591836734693","1471","0:00:15.391","0.9023963097713098","-1"
"6_1_85_dbpedia_forbes","dbpedia","forbes","6","0.85","1","1.0","0.5445544554455446","0.7051282051282052","1.0","0.5714285714285714","0.7272727272727273","556","0:00:46.021","0.9003801405249019","-1"
"6_1_85_dbpedia_dw","dbpedia","dw","6","0.85","1","1.0","0.7554347826086957","0.8606811145510835","1.0","0.7326732673267327","0.8457142857142858","499","0:00:42.137","0.9026201913678665","-1"
"6_1_85_dw_forbes","dw","forbes","6","0.85","1","1.0","0.7586206896551724","0.8627450980392156","1.0","0.7777777777777778","0.8750000000000001","1401","0:00:17.268","0.9023963097713098","-1"
"7_1_85_dbpedia_forbes","dbpedia","forbes","7","0.85","1","0.9723756906077348","0.8712871287128713","0.9190600522193211","1.0","0.9714285714285714","0.9855072463768115","751","0:02:40.468","0.9003801405249019","-1"
"7_1_85_dbpedia_dw","dbpedia","dw","7","0.85","1","0.988","0.894927536231884","0.9391634980988594","0.989010989010989","0.8910891089108911","0.9375","602","0:02:26.851","0.9026201913678665","-1"
"7_1_85_dw_forbes","dw","forbes","7","0.85","1","0.9848484848484849","0.896551724137931","0.9386281588447654","1.0","0.8888888888888888","0.9411764705882353","1468","0:00:58.910","0.9023963097713098","-1"
"1_2_85_dbpedia_forbes","dbpedia","forbes","1","0.85","2","0.9878787878787879","0.806930693069307","0.888283378746594","0.9642857142857143","0.7714285714285715","0.8571428571428572","742","0:00:15.006","0.936183715643728","-1"
"1_2_85_dbpedia_dw","dbpedia","dw","1","0.85","2","0.9433198380566802","0.8442028985507246","0.8910133843212237","0.9222222222222223","0.8217821782178217","0.869109947643979","691","0:00:13.790","0.9367308197128408","-1"
"1_2_85_dw_forbes","dw","forbes","1","0.85","2","0.9836065573770492","0.8275862068965517","0.8988764044943819","1.0","0.8148148148148148","0.8979591836734693","1467","0:00:06.224","0.9348640852390853","-1"
"2_2_85_dbpedia_forbes","dbpedia","forbes","2","0.85","2","1.0","0.5396039603960396","0.7009646302250804","1.0","0.5142857142857142","0.6792452830188679","530","0:00:15.487","0.936183715643728","-1"
"2_2_85_dbpedia_dw","dbpedia","dw","2","0.85","2","1.0","0.7336956521739131","0.8463949843260188","1.0","0.7128712871287128","0.8323699421965318","477","0:00:13.663","0.9367308197128408","-1"
"2_2_85_dw_forbes","dw","forbes","2","0.85","2","1.0","0.7724137931034483","0.8715953307392996","1.0","0.7777777777777778","0.8750000000000001","1405","0:00:05.853","0.9348640852390853","-1"
"3_2_85_dbpedia_forbes","dbpedia","forbes","3","0.85","2","0.9644970414201184","0.806930693069307","0.8787061994609165","0.9642857142857143","0.7714285714285715","0.8571428571428572","752","0:00:11.858","0.936183715643728","-1"
"3_2_85_dbpedia_dw","dbpedia","dw","3","0.85","2","0.9343936381709742","0.8514492753623188","0.8909952606635071","0.9230769230769231","0.8316831683168316","0.8749999999999999","706","0:00:10.346","0.9367308197128408","-1"
"3_2_85_dw_forbes","dw","forbes","3","0.85","2","0.9144736842105263","0.9586206896551724","0.936026936026936","0.9629629629629629","0.9629629629629629","0.9629629629629629","1506","0:00:04.263","0.9348640852390853","-1"
"4_2_85_dbpedia_forbes","dbpedia","forbes","4","0.85","2","0.9644970414201184","0.806930693069307","0.8787061994609165","0.9642857142857143","0.7714285714285715","0.8571428571428572","752","0:00:11.430","0.936183715643728","-1"
"4_2_85_dbpedia_dw","dbpedia","dw","4","0.85","2","0.9343936381709742","0.8514492753623188","0.8909952606635071","0.9230769230769231","0.8316831683168316","0.8749999999999999","706","0:00:10.446","0.9367308197128408","-1"
"4_2_85_dw_forbes","dw","forbes","4","0.85","2","0.9144736842105263","0.9586206896551724","0.936026936026936","0.9629629629629629","0.9629629629629629","0.9629629629629629","1506","0:00:04.281","0.9348640852390853","-1"
"5_2_85_dbpedia_forbes","dbpedia","forbes","5","0.85","2","0.9878787878787879","0.806930693069307","0.888283378746594","0.9642857142857143","0.7714285714285715","0.8571428571428572","743","0:00:27.222","0.936183715643728","-1"
"5_2_85_dbpedia_dw","dbpedia","dw","5","0.85","2","0.9433198380566802","0.8442028985507246","0.8910133843212237","0.9222222222222223","0.8217821782178217","0.869109947643979","691","0:00:25.675","0.9367308197128408","-1"
"5_2_85_dw_forbes","dw","forbes","5","0.85","2","0.9761904761904762","0.8482758620689655","0.9077490774907749","1.0","0.8148148148148148","0.8979591836734693","1471","0:00:10.207","0.9348640852390853","-1"
"6_2_85_dbpedia_forbes","dbpedia","forbes","6","0.85","2","1.0","0.5445544554455446","0.7051282051282052","1.0","0.5714285714285714","0.7272727272727273","556","0:00:28.174","0.936183715643728","-1"
"6_2_85_dbpedia_dw","dbpedia","dw","6","0.85","2","1.0","0.7554347826086957","0.8606811145510835","1.0","0.7326732673267327","0.8457142857142858","499","0:00:26.819","0.9367308197128408","-1"
"6_2_85_dw_forbes","dw","forbes","6","0.85","2","1.0","0.7586206896551724","0.8627450980392156","1.0","0.7777777777777778","0.8750000000000001","1401","0:00:11.559","0.9348640852390853","-1"
"7_2_85_dbpedia_forbes","dbpedia","forbes","7","0.85","2","0.9723756906077348","0.8712871287128713","0.9190600522193211","1.0","0.9714285714285714","0.9855072463768115","751","0:01:35.359","0.936183715643728","-1"
"7_2_85_dbpedia_dw","dbpedia","dw","7","0.85","2","0.9840954274353877","0.8967391304347826","0.9383886255924171","0.9782608695652174","0.8910891089108911","0.9326424870466321","606","0:01:28.775","0.9367308197128408","-1"
"7_2_85_dw_forbes","dw","forbes","7","0.85","2","0.9848484848484849","0.896551724137931","0.9386281588447654","1.0","0.8888888888888888","0.9411764705882353","1468","0:00:40.418","0.9348640852390853","-1"
"1_3_85_dbpedia_forbes","dbpedia","forbes","1","0.85","3","0.9878787878787879","0.806930693069307","0.888283378746594","0.9642857142857143","0.7714285714285715","0.8571428571428572","739","0:00:14.905","0.9438735275883448","-1"
"1_3_85_dbpedia_dw","dbpedia","dw","1","0.85","3","0.9433198380566802","0.8442028985507246","0.8910133843212237","0.9222222222222223","0.8217821782178217","0.869109947643979","691","0:00:14.199","0.9437239829366302","-1"
"1_3_85_dw_forbes","dw","forbes","1","0.85","3","0.9836065573770492","0.8275862068965517","0.8988764044943819","1.0","0.8148148148148148","0.8979591836734693","1467","0:00:06.289","0.9423069126819127","-1"
"2_3_85_dbpedia_forbes","dbpedia","forbes","2","0.85","3","1.0","0.5396039603960396","0.7009646302250804","1.0","0.5142857142857142","0.6792452830188679","530","0:00:14.639","0.9438735275883448","-1"
"2_3_85_dbpedia_dw","dbpedia","dw","2","0.85","3","1.0","0.7336956521739131","0.8463949843260188","1.0","0.7128712871287128","0.8323699421965318","477","0:00:14.024","0.9437239829366302","-1"
"2_3_85_dw_forbes","dw","forbes","2","0.85","3","1.0","0.7724137931034483","0.8715953307392996","1.0","0.7777777777777778","0.8750000000000001","1405","0:00:05.929","0.9423069126819127","-1"
"3_3_85_dbpedia_forbes","dbpedia","forbes","3","0.85","3","0.9644970414201184","0.806930693069307","0.8787061994609165","0.9642857142857143","0.7714285714285715","0.8571428571428572","747","0:00:09.974","0.9438735275883448","-1"
"3_3_85_dbpedia_dw","dbpedia","dw","3","0.85","3","0.9343936381709742","0.8514492753623188","0.8909952606635071","0.9230769230769231","0.8316831683168316","0.8749999999999999","706","0:00:09.802","0.9437239829366302","-1"
"3_3_85_dw_forbes","dw","forbes","3","0.85","3","0.9144736842105263","0.9586206896551724","0.936026936026936","0.9629629629629629","0.9629629629629629","0.9629629629629629","1502","0:00:04.183","0.9423069126819127","-1"
"4_3_85_dbpedia_forbes","dbpedia","forbes","4","0.85","3","0.9644970414201184","0.806930693069307","0.8787061994609165","0.9642857142857143","0.7714285714285715","0.8571428571428572","747","0:00:10.530","0.9438735275883448","-1"
"4_3_85_dbpedia_dw","dbpedia","dw","4","0.85","3","0.9343936381709742","0.8514492753623188","0.8909952606635071","0.9230769230769231","0.8316831683168316","0.8749999999999999","706","0:00:09.654","0.9437239829366302","-1"
"4_3_85_dw_forbes","dw","forbes","4","0.85","3","0.9144736842105263","0.9586206896551724","0.936026936026936","0.9629629629629629","0.9629629629629629","0.9629629629629629","1502","0:00:04.066","0.9423069126819127","-1"
"5_3_85_dbpedia_forbes","dbpedia","forbes","5","0.85","3","0.9878787878787879","0.806930693069307","0.888283378746594","0.9642857142857143","0.7714285714285715","0.8571428571428572","740","0:00:26.215","0.9438735275883448","-1"
"5_3_85_dbpedia_dw","dbpedia","dw","5","0.85","3","0.9433198380566802","0.8442028985507246","0.8910133843212237","0.9222222222222223","0.8217821782178217","0.869109947643979","691","0:00:23.055","0.9437239829366302","-1"
"5_3_85_dw_forbes","dw","forbes","5","0.85","3","0.9761904761904762","0.8482758620689655","0.9077490774907749","1.0","0.8148148148148148","0.8979591836734693","1471","0:00:09.667","0.9423069126819127","-1"
"6_3_85_dbpedia_forbes","dbpedia","forbes","6","0.85","3","1.0","0.5445544554455446","0.7051282051282052","1.0","0.5714285714285714","0.7272727272727273","556","0:00:26.085","0.9438735275883448","-1"
"6_3_85_dbpedia_dw","dbpedia","dw","6","0.85","3","1.0","0.7554347826086957","0.8606811145510835","1.0","0.7326732673267327","0.8457142857142858","499","0:00:25.685","0.9437239829366302","-1"
"6_3_85_dw_forbes","dw","forbes","6","0.85","3","1.0","0.7586206896551724","0.8627450980392156","1.0","0.7777777777777778","0.8750000000000001","1401","0:00:10.401","0.9423069126819127","-1"
"7_3_85_dbpedia_forbes","dbpedia","forbes","7","0.85","3","0.9723756906077348","0.8712871287128713","0.9190600522193211","1.0","0.9714285714285714","0.9855072463768115","747","0:01:29.789","0.9438735275883448","-1"
"7_3_85_dbpedia_dw","dbpedia","dw","7","0.85","3","0.988","0.894927536231884","0.9391634980988594","0.989010989010989","0.8910891089108911","0.9375","594","0:01:23.053","0.9437239829366302","-1"
"7_3_85_dw_forbes","dw","forbes","7","0.85","3","0.9848484848484849","0.896551724137931","0.9386281588447654","1.0","0.8888888888888888","0.9411764705882353","1464","0:00:35.863","0.9423069126819127","-1"
"1_4_85_dbpedia_forbes","dbpedia","forbes","1","0.85","4","0.9878787878787879","0.806930693069307","0.888283378746594","0.9642857142857143","0.7714285714285715","0.8571428571428572","727","0:00:15.292","0.9438792105806985","-1"
"1_4_85_dbpedia_dw","dbpedia","dw","1","0.85","4","0.9433198380566802","0.8442028985507246","0.8910133843212237","0.9222222222222223","0.8217821782178217","0.869109947643979","681","0:00:14.227","0.94377962062401","-1"
"1_4_85_dw_forbes","dw","forbes","1","0.85","4","0.9836065573770492","0.8275862068965517","0.8988764044943819","1.0","0.8148148148148148","0.8979591836734693","1462","0:00:06.038","0.9419495841995842","-1"
"2_4_85_dbpedia_forbes","dbpedia","forbes","2","0.85","4","1.0","0.5396039603960396","0.7009646302250804","1.0","0.5142857142857142","0.6792452830188679","530","0:00:14.520","0.9438792105806985","-1"
"2_4_85_dbpedia_dw","dbpedia","dw","2","0.85","4","1.0","0.7336956521739131","0.8463949843260188","1.0","0.7128712871287128","0.8323699421965318","477","0:00:13.739","0.94377962062401","-1"
"2_4_85_dw_forbes","dw","forbes","2","0.85","4","1.0","0.7724137931034483","0.8715953307392996","1.0","0.7777777777777778","0.8750000000000001","1405","0:00:05.789","0.9419495841995842","-1"
"3_4_85_dbpedia_forbes","dbpedia","forbes","3","0.85","4","0.9644970414201184","0.806930693069307","0.8787061994609165","0.9642857142857143","0.7714285714285715","0.8571428571428572","735","0:00:10.219","0.9438792105806985","-1"
"3_4_85_dbpedia_dw","dbpedia","dw","3","0.85","4","0.9343936381709742","0.8514492753623188","0.8909952606635071","0.9230769230769231","0.8316831683168316","0.8749999999999999","696","0:00:09.115","0.94377962062401","-1"
"3_4_85_dw_forbes","dw","forbes","3","0.85","4","0.9144736842105263","0.9586206896551724","0.936026936026936","0.9629629629629629","0.9629629629629629","0.9629629629629629","1497","0:00:03.989","0.9419495841995842","-1"
"4_4_85_dbpedia_forbes","dbpedia","forbes","4","0.85","4","0.9644970414201184","0.806930693069307","0.8787061994609165","0.9642857142857143","0.7714285714285715","0.8571428571428572","735","0:00:09.828","0.9438792105806985","-1"
"4_4_85_dbpedia_dw","dbpedia","dw","4","0.85","4","0.9343936381709742","0.8514492753623188","0.8909952606635071","0.9230769230769231","0.8316831683168316","0.8749999999999999","696","0:00:09.141","0.94377962062401","-1"
"4_4_85_dw_forbes","dw","forbes","4","0.85","4","0.9144736842105263","0.9586206896551724","0.936026936026936","0.9629629629629629","0.9629629629629629","0.9629629629629629","1497","0:00:03.868","0.9419495841995842","-1"
"5_4_85_dbpedia_forbes","dbpedia","forbes","5","0.85","4","0.9878787878787879","0.806930693069307","0.888283378746594","0.9642857142857143","0.7714285714285715","0.8571428571428572","728","0:00:24.270","0.9438792105806985","-1"
"5_4_85_dbpedia_dw","dbpedia","dw","5","0.85","4","0.9433198380566802","0.8442028985507246","0.8910133843212237","0.9222222222222223","0.8217821782178217","0.869109947643979","681","0:00:22.338","0.94377962062401","-1"
"5_4_85_dw_forbes","dw","forbes","5","0.85","4","0.9761904761904762","0.8482758620689655","0.9077490774907749","1.0","0.8148148148148148","0.8979591836734693","1466","0:00:09.553","0.9419495841995842","-1"
"6_4_85_dbpedia_forbes","dbpedia","forbes","6","0.85","4","1.0","0.5445544554455446","0.7051282051282052","1.0","0.5714285714285714","0.7272727272727273","552","0:00:26.462","0.9438792105806985","-1"
"6_4_85_dbpedia_dw","dbpedia","dw","6","0.85","4","1.0","0.7554347826086957","0.8606811145510835","1.0","0.7326732673267327","0.8457142857142858","496","0:00:24.738","0.94377962062401","-1"
"6_4_85_dw_forbes","dw","forbes","6","0.85","4","1.0","0.7586206896551724","0.8627450980392156","1.0","0.7777777777777778","0.8750000000000001","1401","0:00:10.635","0.9419495841995842","-1"
"7_4_85_dbpedia_forbes","dbpedia","forbes","7","0.85","4","0.9723756906077348","0.8712871287128713","0.9190600522193211","1.0","0.9714285714285714","0.9855072463768115","743","0:01:28.776","0.9438792105806985","-1"
"7_4_85_dbpedia_dw","dbpedia","dw","7","0.85","4","0.988","0.894927536231884","0.9391634980988594","0.989010989010989","0.8910891089108911","0.9375","591","0:01:23.587","0.94377962062401","-1"
"7_4_85_dw_forbes","dw","forbes","7","0.85","4","0.9848484848484849","0.896551724137931","0.9386281588447654","1.0","0.8888888888888888","0.9411764705882353","1464","0:00:33.879","0.9419495841995842","-1"
"1_5_85_dbpedia_forbes","dbpedia","forbes","1","0.85","5","0.9893955461293743","4.618811881188119","1.6296943231441046","0.9575757575757575","4.514285714285714","1.58","4662","0:00:24.454","0.9034561892953089","-1"
"1_5_85_dbpedia_dw","dbpedia","dw","1","0.85","5","0.9560931899641577","5.798913043478261","1.6415384615384616","0.9318181818181818","5.2772277227722775","1.5839524517087669","4257","0:00:23.231","0.8996326194094328","-1"
"1_5_85_dw_forbes","dw","forbes","1","0.85","5","0.9871345029239766","5.820689655172414","1.6880000000000002","1.0","5.2592592592592595","1.680473372781065","10472","0:00:09.076","0.9129638773388773","-1"
"2_5_85_dbpedia_forbes","dbpedia","forbes","2","0.85","5","1.0","3.51980198019802","1.55750273822563","1.0","2.914285714285714","1.489051094890511","3631","0:00:22.341","0.9034561892953089","-1"
"2_5_85_dbpedia_dw","dbpedia","dw","2","0.85","5","1.0","4.978260869565218","1.6654545454545455","1.0","4.544554455445544","1.6392857142857142","3207","0:00:21.420","0.8996326194094328","-1"
"2_5_85_dw_forbes","dw","forbes","2","0.85","5","1.0","5.537931034482758","1.6940928270042195","1.0","5.037037037037037","1.6687116564417177","10157","0:00:08.171","0.9129638773388773","-1"
"3_5_85_dbpedia_forbes","dbpedia","forbes","3","0.85","5","0.9658385093167702","4.618811881188119","1.5976027397260275","0.9575757575757575","4.514285714285714","1.58","4718","0:00:23.166","0.9034561892953089","-1"
"3_5_85_dbpedia_dw","dbpedia","dw","3","0.85","5","0.9480481361901967","5.851449275362318","1.6317251831270523","0.9324090121317158","5.326732673267327","1.5870206489675518","4336","0:00:21.653","0.8996326194094328","-1"
"3_5_85_dw_forbes","dw","forbes","3","0.85","5","0.9312557286892759","7.006896551724138","1.6440129449838186","0.994475138121547","6.666666666666667","1.7307692307692308","10801","0:00:07.936","0.9129638773388773","-1"
"4_5_85_dbpedia_forbes","dbpedia","forbes","4","0.85","5","0.9658385093167702","4.618811881188119","1.5976027397260275","0.9575757575757575","4.514285714285714","1.58","4718","0:00:22.414","0.9034561892953089","-1"
"4_5_85_dbpedia_dw","dbpedia","dw","4","0.85","5","0.9480481361901967","5.851449275362318","1.6317251831270523","0.9324090121317158","5.326732673267327","1.5870206489675518","4336","0:00:21.811","0.8996326194094328","-1"
"4_5_85_dw_forbes","dw","forbes","4","0.85","5","0.9312557286892759","7.006896551724138","1.6440129449838186","0.994475138121547","6.666666666666667","1.7307692307692308","10801","0:00:07.976","0.9129638773388773","-1"
"5_5_85_dbpedia_forbes","dbpedia","forbes","5","0.85","5","0.9893955461293743","4.618811881188119","1.6296943231441046","0.9575757575757575","4.514285714285714","1.58","4670","0:00:47.472","0.9034561892953089","-1"
"5_5_85_dbpedia_dw","dbpedia","dw","5","0.85","5","0.9560931899641577","5.798913043478261","1.6415384615384616","0.9318181818181818","5.2772277227722775","1.5839524517087669","4257","0:47:22.525","0.8996326194094328","-1"
"5_5_85_dw_forbes","dw","forbes","5","0.85","5","0.9790748898678414","6.13103448275862","1.6885090218423553","1.0","5.2592592592592595","1.680473372781065","10525","0:00:14.115","0.9129638773388773","-1"
"6_5_85_dbpedia_forbes","dbpedia","forbes","6","0.85","5","1.0","3.613861386138614","1.5665236051502145","1.0","3.7142857142857144","1.5757575757575757","3927","0:00:40.531","0.9034561892953089","-1"
"6_5_85_dbpedia_dw","dbpedia","dw","6","0.85","5","1.0","5.333333333333333","1.6842105263157894","1.0","4.841584158415841","1.6576271186440679","3490","0:00:42.394","0.8996326194094328","-1"
"6_5_85_dw_forbes","dw","forbes","6","0.85","5","1.0","5.337931034482758","1.6844396082698585","1.0","5.037037037037037","1.6687116564417177","10163","0:00:15.237","0.9129638773388773","-1"
"7_5_85_dbpedia_forbes","dbpedia","forbes","7","0.85","5","0.950910530482977","5.945544554455446","1.639590443686007","1.0","6.6571428571428575","1.7388059701492538","5202","0:02:32.211","0.9034561892953089","-1"
"7_5_85_dbpedia_dw","dbpedia","dw","7","0.85","5","0.9844981607987389","6.788043478260869","1.7195961450206516","0.9810495626822158","6.663366336633663","1.7102922490470138","4581","0:02:23.770","0.8996326194094328","-1"
"7_5_85_dw_forbes","dw","forbes","7","0.85","5","0.9787234042553191","6.662068965517242","1.7067137809187276","1.0","6.148148148148148","1.7202072538860103","10642","0:00:50.781","0.9129638773388773","-1"
"1_6_85_dbpedia_forbes","dbpedia","forbes","1","0.85","6","0.9893522626441881","5.51980198019802","1.6779533483822422","0.9639175257731959","5.3428571428571425","1.633187772925764","5460","0:00:44.911","0.8019168216573672","-1"
"1_6_85_dbpedia_dw","dbpedia","dw","1","0.85","6","0.9543200208822762","6.6231884057971016","1.6682637462924939","0.9289772727272727","6.475247524752476","1.6248447204968943","4934","0:00:44.046","0.7940594631543174","-1"
"1_6_85_dw_forbes","dw","forbes","1","0.85","6","0.9891089108910891","6.889655172413793","1.72987012987013","1.0","6.37037037037037","1.728643216080402","12135","0:00:15.861","0.8214547817047817","-1"
"2_6_85_dbpedia_forbes","dbpedia","forbes","2","0.85","6","1.0","4.1683168316831685","1.6130268199233717","1.0","3.6857142857142855","1.5731707317073171","4238","0:00:41.167","0.8019168216573672","-1"
"2_6_85_dbpedia_dw","dbpedia","dw","2","0.85","6","1.0","5.693840579710145","1.7012178619756428","1.0","5.554455445544554","1.6948640483383686","3704","0:00:38.535","0.7940594631543174","-1"
"2_6_85_dw_forbes","dw","forbes","2","0.85","6","1.0","6.586206896551724","1.7363636363636363","1.0","5.851851851851852","1.7081081081081082","11746","0:00:13.829","0.8214547817047817","-1"
"3_6_85_dbpedia_forbes","dbpedia","forbes","3","0.85","6","0.9662045060658578","5.51980198019802","1.6445427728613566","0.9639175257731959","5.3428571428571425","1.633187772925764","5525","0:00:41.592","0.8019168216573672","-1"
"3_6_85_dbpedia_dw","dbpedia","dw","3","0.85","6","0.9468412942989214","6.679347826086956","1.6585695006747636","0.9295774647887324","6.534653465346534","1.627620221948212","5022","0:00:39.864","0.7940594631543174","-1"
"3_6_85_dw_forbes","dw","forbes","3","0.85","6","0.9310077519379845","8.282758620689656","1.6738675958188152","0.9953051643192489","7.851851851851852","1.7666666666666666","12512","0:00:14.131","0.8214547817047817","-1"
"4_6_85_dbpedia_forbes","dbpedia","forbes","4","0.85","6","0.9662045060658578","5.51980198019802","1.6445427728613566","0.9639175257731959","5.3428571428571425","1.633187772925764","5525","0:00:42.751","0.8019168216573672","-1"
"4_6_85_dbpedia_dw","dbpedia","dw","4","0.85","6","0.9468412942989214","6.679347826086956","1.6585695006747636","0.9295774647887324","6.534653465346534","1.627620221948212","5022","0:00:40.578","0.7940594631543174","-1"
"4_6_85_dw_forbes","dw","forbes","4","0.85","6","0.9310077519379845","8.282758620689656","1.6738675958188152","0.9953051643192489","7.851851851851852","1.7666666666666666","12512","0:00:14.266","0.8214547817047817","-1"
"5_6_85_dbpedia_forbes","dbpedia","forbes","5","0.85","6","0.9893522626441881","5.51980198019802","1.6779533483822422","0.9639175257731959","5.3428571428571425","1.633187772925764","5468","0:01:26.189","0.8019168216573672","-1"
"5_6_85_dbpedia_dw","dbpedia","dw","5","0.85","6","0.9543200208822762","6.6231884057971016","1.6682637462924939","0.9289772727272727","6.475247524752476","1.6248447204968943","4934","0:01:21.972","0.7940594631543174","-1"
"5_6_85_dw_forbes","dw","forbes","5","0.85","6","0.9823420074349443","7.289655172413793","1.7313677313677314","1.0","6.37037037037037","1.728643216080402","12201","0:00:29.004","0.8214547817047817","-1"
"6_6_85_dbpedia_forbes","dbpedia","forbes","6","0.85","6","1.0","4.316831683168317","1.6238361266294228","1.0","4.428571428571429","1.631578947368421","4588","0:01:32.548","0.8019168216573672","-1"
"6_6_85_dbpedia_dw","dbpedia","dw","6","0.85","6","1.0","6.088768115942029","1.7178635318170201","1.0","5.97029702970297","1.7130681818181819","4024","0:01:25.746","0.7940594631543174","-1"
"6_6_85_dw_forbes","dw","forbes","6","0.85","6","1.0","6.386206896551724","1.7292250233426705","1.0","5.851851851851852","1.7081081081081082","11757","0:00:47.813","0.8214547817047817","-1"
"7_6_85_dbpedia_forbes","dbpedia","forbes","7","0.85","6","0.9499666444296198","7.0495049504950495","1.6743092298647853","1.0","7.857142857142857","1.7741935483870965","6091","0:02:21.394","0.8019168216573672","-1"
"7_6_85_dbpedia_dw","dbpedia","dw","7","0.85","6","0.9831252889505316","7.704710144927536","1.7437474374743747","0.9793939393939394","8.0","1.7451403887688985","5258","0:02:01.044","0.7940594631543174","-1"
"7_6_85_dw_forbes","dw","forbes","7","0.85","6","0.9811482433590403","7.896551724137931","1.7454268292682926","1.0","7.333333333333333","1.7600000000000002","12317","0:00:46.357","0.8214547817047817","-1"
"1_7_85_dbpedia_forbes","dbpedia","forbes","1","0.85","7","0.9882055602358888","5.806930693069307","1.6889848812095034","0.966183574879227","5.714285714285714","1.6528925619834711","5776","0:00:30.281","0.7004634221946684","-1"
"1_7_85_dbpedia_dw","dbpedia","dw","1","0.85","7","0.9521460286137149","6.992753623188406","1.6760746851932264","0.9217731421121251","7.0","1.6290322580645162","5242","0:00:29.004","0.6885855525037174","-1"
"1_7_85_dw_forbes","dw","forbes","1","0.85","7","0.9887323943661972","7.2620689655172415","1.7404958677685949","1.0","6.851851851851852","1.7452830188679245","12803","0:00:10.619","0.730031185031185","-1"
"2_7_85_dbpedia_forbes","dbpedia","forbes","2","0.85","7","1.0","4.356435643564357","1.6266173752310535","1.0","3.942857142857143","1.5953757225433527","4477","0:00:28.197","0.7004634221946684","-1"
"2_7_85_dbpedia_dw","dbpedia","dw","2","0.85","7","1.0","6.0144927536231885","1.7148760330578512","1.0","5.99009900990099","1.7138810198300283","3925","0:00:26.268","0.6885855525037174","-1"
"2_7_85_dw_forbes","dw","forbes","2","0.85","7","1.0","6.931034482758621","1.7478260869565216","1.0","6.2592592592592595","1.7244897959183674","12387","0:00:10.039","0.730031185031185","-1"
"3_7_85_dbpedia_forbes","dbpedia","forbes","3","0.85","7","0.9622641509433962","5.806930693069307","1.6509500351864885","0.966183574879227","5.714285714285714","1.6528925619834711","5848","0:00:25.721","0.7004634221946684","-1"
"3_7_85_dbpedia_dw","dbpedia","dw","3","0.85","7","0.9446870451237264","7.054347826086956","1.6662387676508343","0.9225806451612903","7.079207920792079","1.632420091324201","5338","0:00:24.457","0.6885855525037174","-1"
"3_7_85_dw_forbes","dw","forbes","3","0.85","7","0.9309331373989713","8.73793103448276","1.6826029216467464","0.9956140350877193","8.407407407407407","1.780392156862745","13198","0:00:08.778","0.730031185031185","-1"
"4_7_85_dbpedia_forbes","dbpedia","forbes","4","0.85","7","0.9622641509433962","5.806930693069307","1.6509500351864885","0.966183574879227","5.714285714285714","1.6528925619834711","5848","0:00:25.583","0.7004634221946684","-1"
"4_7_85_dbpedia_dw","dbpedia","dw","4","0.85","7","0.9446870451237264","7.054347826086956","1.6662387676508343","0.9225806451612903","7.079207920792079","1.632420091324201","5338","0:00:25.046","0.6885855525037174","-1"
"4_7_85_dw_forbes","dw","forbes","4","0.85","7","0.9309331373989713","8.73793103448276","1.6826029216467464","0.9956140350877193","8.407407407407407","1.780392156862745","13198","0:00:08.948","0.730031185031185","-1"
"5_7_85_dbpedia_forbes","dbpedia","forbes","5","0.85","7","0.9882055602358888","5.806930693069307","1.6889848812095034","0.966183574879227","5.714285714285714","1.6528925619834711","5784","0:00:57.341","0.7004634221946684","-1"
"5_7_85_dbpedia_dw","dbpedia","dw","5","0.85","7","0.9521460286137149","6.992753623188406","1.6760746851932264","0.9217731421121251","7.0","1.6290322580645162","5242","0:00:53.139","0.6885855525037174","-1"
"5_7_85_dw_forbes","dw","forbes","5","0.85","7","0.9824098504837291","7.703448275862069","1.7425897035881437","1.0","6.851851851851852","1.7452830188679245","12875","0:00:18.990","0.730031185031185","-1"
"6_7_85_dbpedia_forbes","dbpedia","forbes","6","0.85","7","1.0","4.50990099009901","1.637017070979335","1.0","4.742857142857143","1.6517412935323383","4838","0:00:59.647","0.7004634221946684","-1"
"6_7_85_dbpedia_dw","dbpedia","dw","6","0.85","7","1.0","6.418478260869565","1.7304029304029305","1.0","6.425742574257426","1.7306666666666666","4252","0:00:56.413","0.6885855525037174","-1"
"6_7_85_dw_forbes","dw","forbes","6","0.85","7","1.0","6.7172413793103445","1.740840035746202","1.0","6.2592592592592595","1.7244897959183674","12398","0:00:20.403","0.730031185031185","-1"
"7_7_85_dbpedia_forbes","dbpedia","forbes","7","0.85","7","0.9504132231404959","7.400990099009901","1.6845070422535213","1.0","8.257142857142858","1.7839506172839505","6412","0:03:12.823","0.7004634221946684","-1"
"7_7_85_dbpedia_dw","dbpedia","dw","7","0.85","7","0.9821389195148842","8.068840579710145","1.7511303322193825","0.9794754846066135","8.504950495049505","1.756646216768916","5525","0:03:08.566","0.6885855525037174","-1"
"7_7_85_dw_forbes","dw","forbes","7","0.85","7","0.9821138211382113","8.331034482758621","1.757090909090909","1.0","7.851851851851852","1.774058577405858","12992","0:01:14.432","0.730031185031185","-1"
"1_8_85_dbpedia_forbes","dbpedia","forbes","1","0.85","8","0.9789473684210527","0.4603960396039604","0.6262626262626263","0.9230769230769231","0.34285714285714286","0.5000000000000001","423","0:00:02.600","0.9708147344492664","-1"
"1_8_85_dbpedia_dw","dbpedia","dw","1","0.85","8","0.9563636363636364","0.47644927536231885","0.6360338573155986","0.9215686274509803","0.46534653465346537","0.618421052631579","383","0:00:02.483","0.9696752047960976","-1"
"1_8_85_dw_forbes","dw","forbes","1","0.85","8","0.9772727272727273","0.593103448275862","0.7381974248927037","1.0","0.5185185185185185","0.6829268292682926","908","0:00:00.862","0.970793918918919","-1"
"2_8_85_dbpedia_forbes","dbpedia","forbes","2","0.85","8","1.0","0.3069306930693069","0.46969696969696967","1.0","0.2","0.33333333333333337","301","0:00:02.168","0.9708147344492664","-1"
"2_8_85_dbpedia_dw","dbpedia","dw","2","0.85","8","1.0","0.39855072463768115","0.5699481865284974","1.0","0.36633663366336633","0.5362318840579711","257","0:00:02.549","0.9696752047960976","-1"
"2_8_85_dw_forbes","dw","forbes","2","0.85","8","1.0","0.5448275862068965","0.7053571428571428","1.0","0.48148148148148145","0.65","867","0:00:00.833","0.970793918918919","-1"
"3_8_85_dbpedia_forbes","dbpedia","forbes","3","0.85","8","0.9489795918367347","0.4603960396039604","0.6200000000000001","0.9230769230769231","0.34285714285714286","0.5000000000000001","427","0:00:02.183","0.9708147344492664","-1"
"3_8_85_dbpedia_dw","dbpedia","dw","3","0.85","8","0.9430604982206405","0.48007246376811596","0.6362545018007203","0.9215686274509803","0.46534653465346537","0.618421052631579","391","0:00:01.944","0.9696752047960976","-1"
"3_8_85_dw_forbes","dw","forbes","3","0.85","8","0.9238095238095239","0.6689655172413793","0.776","0.9411764705882353","0.5925925925925926","0.7272727272727272","928","0:00:00.945","0.970793918918919","-1"
"4_8_85_dbpedia_forbes","dbpedia","forbes","4","0.85","8","0.9489795918367347","0.4603960396039604","0.6200000000000001","0.9230769230769231","0.34285714285714286","0.5000000000000001","427","0:00:02.187","0.9708147344492664","-1"
"4_8_85_dbpedia_dw","dbpedia","dw","4","0.85","8","0.9430604982206405","0.48007246376811596","0.6362545018007203","0.9215686274509803","0.46534653465346537","0.618421052631579","391","0:00:02.065","0.9696752047960976","-1"
"4_8_85_dw_forbes","dw","forbes","4","0.85","8","0.9238095238095239","0.6689655172413793","0.776","0.9411764705882353","0.5925925925925926","0.7272727272727272","928","0:00:00.829","0.970793918918919","-1"
"5_8_85_dbpedia_forbes","dbpedia","forbes","5","0.85","8","0.9789473684210527","0.4603960396039604","0.6262626262626263","0.9230769230769231","0.34285714285714286","0.5000000000000001","423","0:00:04.603","0.9708147344492664","-1"
"5_8_85_dbpedia_dw","dbpedia","dw","5","0.85","8","0.9563636363636364","0.47644927536231885","0.6360338573155986","0.9215686274509803","0.46534653465346537","0.618421052631579","383","0:00:04.697","0.9696752047960976","-1"
"5_8_85_dw_forbes","dw","forbes","5","0.85","8","0.9775280898876404","0.6","0.7435897435897435","1.0","0.5185185185185185","0.6829268292682926","909","0:00:01.642","0.970793918918919","-1"
"6_8_85_dbpedia_forbes","dbpedia","forbes","6","0.85","8","1.0","0.3118811881188119","0.47547169811320755","1.0","0.2","0.33333333333333337","312","0:00:05.269","0.9708147344492664","-1"
"6_8_85_dbpedia_dw","dbpedia","dw","6","0.85","8","1.0","0.411231884057971","0.582798459563543","1.0","0.38613861386138615","0.5571428571428572","271","0:00:05.168","0.9696752047960976","-1"
"6_8_85_dw_forbes","dw","forbes","6","0.85","8","1.0","0.5310344827586206","0.6936936936936936","1.0","0.48148148148148145","0.65","863","0:00:01.917","0.970793918918919","-1"
"7_8_85_dbpedia_forbes","dbpedia","forbes","7","0.85","8","0.9906542056074766","0.5247524752475248","0.686084142394822","1.0","0.42857142857142855","0.6","427","0:00:18.750","0.9708147344492664","-1"
"7_8_85_dbpedia_dw","dbpedia","dw","7","0.85","8","0.9928825622775801","0.5054347826086957","0.6698679471788717","0.9811320754716981","0.5148514851485149","0.6753246753246753","337","0:00:19.363","0.9696752047960976","-1"
"7_8_85_dw_forbes","dw","forbes","7","0.85","8","0.9891304347826086","0.6275862068965518","0.7679324894514769","1.0","0.5925925925925926","0.7441860465116279","904","0:00:06.760","0.970793918918919","-1"
"1_9_85_dbpedia_kaggle_a_1","dbpedia","kaggle_a_1","1","0.85","9","0.0","0.0","0.0","0.0","0.0","0.0","7443","0:16:10.508","0.9780390619696431","-1"
"1_9_2_dbpedia_kaggle_a_1","dbpedia","kaggle_a_1","1","0.2","9","0.0","0.0","0.0","0.0","0.0","0.0","5931685","0:16:48.922","0.9780390619696431","-1"
"1_9_2_dbpedia_kaggle_a_2","dbpedia","kaggle_a_2","1","0.2","9","0.0","0.0","0.0","0.0","0.0","0.0","5284215","0:15:09.592","0.9800257596556974","-1"
"1_9_2_dbpedia_kaggle_a_3","dbpedia","kaggle_a_3","1","0.2","9","0.0","0.0","0.0","0.0","0.0","0.0","4947722","0:15:31.170","0.9807600991605847","-1"
"1_9_2_dbpedia_kaggle_a_4","dbpedia","kaggle_a_4","1","0.2","9","0.0","0.0","0.0","0.0","0.0","0.0","2816367","0:07:59.478","0.9799788153879321","-1"
"2_9_2_dbpedia_kaggle_a_1","dbpedia","kaggle_a_1","2","0.2","9","0.0","0.0","0.0","0.0","0.0","0.0","8965301","0:18:45.145","0.9780390619696431","-1"
"2_9_2_dbpedia_kaggle_a_2","dbpedia","kaggle_a_2","2","0.2","9","0.0","0.0","0.0","0.0","0.0","0.0","7232141","0:16:29.827","0.9800257596556974","-1"
"2_9_2_dbpedia_kaggle_a_3","dbpedia","kaggle_a_3","2","0.2","9","0.0","0.0","0.0","0.0","0.0","0.0","6538372","0:15:35.599","0.9807600991605847","-1"
"2_9_2_dbpedia_kaggle_a_4","dbpedia","kaggle_a_4","2","0.2","9","0.0","0.0","0.0","0.0","0.0","0.0","3875418","0:09:52.555","0.9799788153879321","-1"
"5_9_2_dbpedia_kaggle_a_1","dbpedia","kaggle_a_1","5","0.2","9","0.0","0.0","0.0","0.0","0.0","0.0","13076963","0:28:10.244","0.9780390619696431","-1"
"5_9_2_dbpedia_kaggle_a_2","dbpedia","kaggle_a_2","5","0.2","9","0.0","0.0","0.0","0.0","0.0","0.0","11346125","0:23:35.471","0.9800257596556974","-1"
"5_9_2_dbpedia_kaggle_a_3","dbpedia","kaggle_a_3","5","0.2","9","0.0","0.0","0.0","0.0","0.0","0.0","10609348","0:22:53.106","0.9807600991605847","-1"
"5_9_2_dbpedia_kaggle_a_4","dbpedia","kaggle_a_4","5","0.2","9","0.0","0.0","0.0","0.0","0.0","0.0","6157071","0:13:24.555","0.9799788153879321","-1"
"1_9_2_forbes_kaggle_a_1","forbes","kaggle_a_1","1","0.2","9","0.0","0.0","0.0","0.0","0.0","0.0","1862473","0:06:20.898","0.9825520750538076","-1"
"2_9_2_forbes_kaggle_a_1","forbes","kaggle_a_1","2","0.2","9","0.0","0.0","0.0","0.0","0.0","0.0","2891772","0:07:02.151","0.9825520750538076","-1"
"5_9_2_forbes_kaggle_a_1","forbes","kaggle_a_1","5","0.2","9","0.0","0.0","0.0","0.0","0.0","0.0","3762746","0:09:22.359","0.9825520750538076","-1"
"1_9_2_forbes_kaggle_a_2","forbes","kaggle_a_2","1","0.2","9","0.0","0.0","0.0","0.0","0.0","0.0","1676913","0:05:09.732","0.9848001205119137","-1"
"2_9_2_forbes_kaggle_a_2","forbes","kaggle_a_2","2","0.2","9","0.0","0.0","0.0","0.0","0.0","0.0","2394793","0:05:33.998","0.9848001205119137","-1"
"5_9_2_forbes_kaggle_a_2","forbes","kaggle_a_2","5","0.2","9","0.0","0.0","0.0","0.0","0.0","0.0","3437499","0:08:10.344","0.9848001205119137","-1"
"1_9_2_forbes_kaggle_a_3","forbes","kaggle_a_3","1","0.2","9","0.0","0.0","0.0","0.0","0.0","0.0","1611738","0:05:16.741","0.9856648412041087","-1"
"2_9_2_forbes_kaggle_a_3","forbes","kaggle_a_3","2","0.2","9","0.0","0.0","0.0","0.0","0.0","0.0","2184819","0:05:38.083","0.9856648412041087","-1"
"5_9_2_forbes_kaggle_a_3","forbes","kaggle_a_3","5","0.2","9","0.0","0.0","0.0","0.0","0.0","0.0","3315944","0:06:57.967","0.9856648412041087","-1"
"1_9_2_forbes_kaggle_a_4","forbes","kaggle_a_4","1","0.2","9","0.0","0.0","0.0","0.0","0.0","0.0","928658","0:02:29.455","0.9854598450027267","-1"
"2_9_2_forbes_kaggle_a_4","forbes","kaggle_a_4","2","0.2","9","0.0","0.0","0.0","0.0","0.0","0.0","1261289","0:02:40.365","0.9854598450027267","-1"
"5_9_2_forbes_kaggle_a_4","forbes","kaggle_a_4","5","0.2","9","0.0","0.0","0.0","0.0","0.0","0.0","1913322","0:03:54.331","0.9854598450027267","-1"
"1_9_2_dw_kaggle_a_1","dw","kaggle_a_1","1","0.2","9","0.0","0.0","0.0","0.0","0.0","0.0","1602741","0:04:37.037","0.9846454789284758","-1"
"2_9_2_dw_kaggle_a_1","dw","kaggle_a_1","2","0.2","9","0.0","0.0","0.0","0.0","0.0","0.0","2567761","0:04:49.842","0.9846454789284758","-1"
"5_9_2_dw_kaggle_a_1","dw","kaggle_a_1","5","0.2","9","0.0","0.0","0.0","0.0","0.0","0.0","3235440","0:06:56.801","0.9846454789284758","-1"
"1_9_2_dw_kaggle_a_2","dw","kaggle_a_2","1","0.2","9","0.0","0.0","0.0","0.0","0.0","0.0","1431644","0:03:42.638","0.9866458341622408","-1"
"2_9_2_dw_kaggle_a_2","dw","kaggle_a_2","2","0.2","9","0.0","0.0","0.0","0.0","0.0","0.0","2118895","0:04:01.184","0.9866458341622408","-1"
"5_9_2_dw_kaggle_a_2","dw","kaggle_a_2","5","0.2","9","0.0","0.0","0.0","0.0","0.0","0.0","2949746","0:05:54.081","0.9866458341622408","-1"
"1_9_2_dw_kaggle_a_3","dw","kaggle_a_3","1","0.2","9","0.0","0.0","0.0","0.0","0.0","0.0","1373994","0:03:32.990","0.9873540817443643","-1"
"2_9_2_dw_kaggle_a_3","dw","kaggle_a_3","2","0.2","9","0.0","0.0","0.0","0.0","0.0","0.0","1937372","0:03:41.053","0.9873540817443643","-1"
"5_9_2_dw_kaggle_a_3","dw","kaggle_a_3","5","0.2","9","0.0","0.0","0.0","0.0","0.0","0.0","2852037","0:05:34.691","0.9873540817443643","-1"
"1_9_2_dw_kaggle_a_4","dw","kaggle_a_4","1","0.2","9","0.0","0.0","0.0","0.0","0.0","0.0","798908","0:01:58.621","0.9871106092751177","-1"
"2_9_2_dw_kaggle_a_4","dw","kaggle_a_4","2","0.2","9","0.0","0.0","0.0","0.0","0.0","0.0","1123675","0:02:10.311","0.9871106092751177","-1"
"5_9_2_dw_kaggle_a_4","dw","kaggle_a_4","5","0.2","9","0.0","0.0","0.0","0.0","0.0","0.0","1653749","0:03:15.264","0.9871106092751177","-1"
"8_1_85_dbpedia_forbes","dbpedia","forbes","8","0.85","1","1.0","0.806930693069307","0.8931506849315068","1.0","0.7714285714285715","0.870967741935484","729","0:02:41.048","0.9003801405249019","-1"
"8_1_85_dbpedia_dw","dbpedia","dw","8","0.85","1","0.9980582524271845","0.9311594202898551","0.9634489222118089","0.989247311827957","0.9108910891089109","0.9484536082474228","621","0:02:19.184","0.9026201913678665","-1"
"8_1_85_dw_forbes","dw","forbes","8","0.85","1","0.9927536231884058","0.9448275862068966","0.9681978798586572","0.96","0.8888888888888888","0.923076923076923","1482","0:00:58.506","0.9023963097713098","-1"
"8_2_85_dbpedia_forbes","dbpedia","forbes","8","0.85","2","0.9897435897435898","0.9554455445544554","0.9722921914357682","1.0","0.9428571428571428","0.9705882352941176","818","0:01:37.053","0.936183715643728","-1"
"8_2_85_dbpedia_dw","dbpedia","dw","8","0.85","2","0.9980582524271845","0.9311594202898551","0.9634489222118089","0.989247311827957","0.9108910891089109","0.9484536082474228","621","0:01:28.353","0.9367308197128408","-1"
"8_2_85_dw_forbes","dw","forbes","8","0.85","2","0.9927536231884058","0.9448275862068966","0.9681978798586572","0.96","0.8888888888888888","0.923076923076923","1482","0:00:36.025","0.9348640852390853","-1"
"8_3_85_dbpedia_forbes","dbpedia","forbes","8","0.85","3","0.9897435897435898","0.9554455445544554","0.9722921914357682","1.0","0.9428571428571428","0.9705882352941176","790","0:01:22.344","0.9438735275883448","-1"
"8_3_85_dbpedia_dw","dbpedia","dw","8","0.85","3","0.9980582524271845","0.9311594202898551","0.9634489222118089","0.989247311827957","0.9108910891089109","0.9484536082474228","616","0:01:18.762","0.9437239829366302","-1"
"8_3_85_dw_forbes","dw","forbes","8","0.85","3","0.9927536231884058","0.9448275862068966","0.9681978798586572","0.96","0.8888888888888888","0.923076923076923","1482","0:00:32.042","0.9423069126819127","-1"
"8_4_85_dbpedia_forbes","dbpedia","forbes","8","0.85","4","0.9897435897435898","0.9554455445544554","0.9722921914357682","1.0","0.9428571428571428","0.9705882352941176","784","0:01:22.008","0.9438792105806985","-1"
"8_4_85_dbpedia_dw","dbpedia","dw","8","0.85","4","0.9980582524271845","0.9311594202898551","0.9634489222118089","0.989247311827957","0.9108910891089109","0.9484536082474228","613","0:01:20.525","0.94377962062401","-1"
"8_4_85_dw_forbes","dw","forbes","8","0.85","4","0.9927536231884058","0.9448275862068966","0.9681978798586572","0.96","0.8888888888888888","0.923076923076923","1481","0:00:30.778","0.9419495841995842","-1"
"1_9_2_dbpedia__kaggle","dbpedia","_kaggle","1","0.2","9","0.0","0.0","0.0","0.0","0.0","0.0","11984422","0:13:45.954","0.988484202340744","-1"
"2_9_2_dbpedia__kaggle","dbpedia","_kaggle","2","0.2","9","0.0","0.0","0.0","0.0","0.0","0.0","9566664","0:13:23.960","0.988484202340744","-1"
"5_9_2_dbpedia__kaggle","dbpedia","_kaggle","5","0.2","9","0.0","0.0","0.0","0.0","0.0","0.0","21912423","0:24:47.840","0.988484202340744","-1"
"1_9_2_forbes__kaggle","forbes","_kaggle","1","0.2","9","0.0","0.0","0.0","0.0","0.0","0.0","3792432","0:04:29.568","0.9913128830665665","-1"
"2_9_2_forbes__kaggle","forbes","_kaggle","2","0.2","9","0.0","0.0","0.0","0.0","0.0","0.0","3079840","0:04:46.036","0.9913128830665665","-1"
"5_9_2_forbes__kaggle","forbes","_kaggle","5","0.2","9","0.0","0.0","0.0","0.0","0.0","0.0","6466012","0:07:09.566","0.9913128830665665","-1"
"1_9_2_dw__kaggle","dw","_kaggle","1","0.2","9","0.0","0.0","0.0","0.0","0.0","0.0","3231652","0:03:36.425","0.9922957386941998","-1"
"2_9_2_dw__kaggle","dw","_kaggle","2","0.2","9","0.0","0.0","0.0","0.0","0.0","0.0","2687228","0:03:23.084","0.9922957386941998","-1"
"5_9_2_dw__kaggle","dw","_kaggle","5","0.2","9","0.0","0.0","0.0","0.0","0.0","0.0","5551279","0:05:53.583","0.9922957386941998","-1"
"1_9_2_dbpedia__kaggle","dbpedia","_kaggle","1","0.2","9","0.0","0.0","0.0","0.0","0.0","0.0","5703271","0:07:51.956","0.9944181451243622","-1"
"2_9_2_dbpedia__kaggle","dbpedia","_kaggle","2","0.2","9","0.0","0.0","0.0","0.0","0.0","0.0","3714493","0:07:25.411","0.9944181451243622","-1"
"9_9_2_dbpedia__kaggle","dbpedia","_kaggle","9","0.2","9","0.0","0.0","0.0","0.0","0.0","0.0","6391502","0:13:23.514","0.9944181451243622","-1"
"10_9_75_dbpedia_kaggle","dbpedia","kaggle","10","0.75","9","0.9105691056910569","0.6086956521739131","0.7296416938110749","0.9523809523809523","0.6666666666666666","0.7843137254901961","7654","0:14:17.353","0.9944252670296857","-1","2022-11-14T17:47:26.325646500"
"11_9_75_dbpedia_kaggle","dbpedia","kaggle","11","0.75","9","0.888","0.6851851851851852","0.7735191637630662","0.9459459459459459","0.6730769230769231","0.7865168539325843","7719","0:15:47.359","0.9944252670296857","-1","2022-11-14T18:22:07.819714800"
"11_9_65_dbpedia_kaggle","dbpedia","kaggle","11","0.65","9","0.8657718120805369","0.7962962962962963","0.8295819935691319","0.8863636363636364","0.75","0.8125000000000001","7960","0:14:23.064","0.9944252670296857","-1","2022-11-14T18:38:31.842526700"
"11_9_85_dbpedia_kaggle","dbpedia","kaggle","11","0.85","9","0.9404761904761905","0.4876543209876543","0.6422764227642276","0.9130434782608695","0.40384615384615385","0.5599999999999999","7521","0:14:32.681","0.9944252670296857","-1","2022-11-14T18:53:40.586759600"
"12_9_75_dbpedia_kaggle","dbpedia","kaggle","12","0.75","9","0.8907563025210085","0.654320987654321","0.7544483985765124","0.9444444444444444","0.6538461538461539","0.7727272727272727","7672","0:14:11.898","0.9944252670296857","-1","2022-11-14T19:09:00.746683400"
"12_9_65_dbpedia_kaggle","dbpedia","kaggle","12","0.65","9","0.8562091503267973","0.808641975308642","0.8317460317460317","0.8723404255319149","0.7884615384615384","0.8282828282828283","8210","0:14:15.507","0.9944252670296857","-1","2022-11-14T19:24:03.645821500"
"12_9_85_dbpedia_kaggle","dbpedia","kaggle","12","0.85","9","0.9836065573770492","0.37037037037037035","0.538116591928251","0.9285714285714286","0.25","0.3939393939393939","4484","0:13:58.931","0.9944252670296857","-1","2022-11-14T19:39:06.761118400"
"13_9_75_dbpedia_kaggle","dbpedia","kaggle","13","0.75","9","0.9015151515151515","0.7345679012345679","0.8095238095238095","0.8421052631578947","0.6153846153846154","0.7111111111111111","5126","0:14:43.228","0.9944252670296857","-1","2022-11-14T19:53:57.471532400"
"13_9_65_dbpedia_kaggle","dbpedia","kaggle","13","0.65","9","0.9015151515151515","0.7345679012345679","0.8095238095238095","0.8421052631578947","0.6153846153846154","0.7111111111111111","5126","0:15:02.979","0.9944252670296857","-1","2022-11-14T20:09:35.924621100"
"13_9_85_dbpedia_kaggle","dbpedia","kaggle","13","0.85","9","0.9015151515151515","0.7345679012345679","0.8095238095238095","0.8421052631578947","0.6153846153846154","0.7111111111111111","5126","0:14:32.561","0.9944252670296857","-1","2022-11-14T20:25:45.076783900"
"14_9_75_dbpedia_kaggle","dbpedia","kaggle","14","0.75","9","0.8581081081081081","0.7839506172839507","0.8193548387096774","0.851063829787234","0.7692307692307693","0.8080808080808081","18883","0:15:34.265","0.9944252670296857","-1","2022-11-14T20:41:08.560274200"
"14_9_65_dbpedia_kaggle","dbpedia","kaggle","14","0.65","9","0.7450980392156863","0.9382716049382716","0.8306010928961749","0.7857142857142857","0.8461538461538461","0.8148148148148148","23605","0:15:50.158","0.9944252670296857","-1","2022-11-14T20:57:35.886796"
"14_9_85_dbpedia_kaggle","dbpedia","kaggle","14","0.85","9","0.9402985074626866","0.3888888888888889","0.5502183406113537","0.9333333333333333","0.2692307692307692","0.417910447761194","7536","0:15:58.983","0.9944252670296857","-1","2022-11-14T21:14:10.682416700"
"15_9_75_dbpedia_kaggle","dbpedia","kaggle","15","0.75","9","0.9333333333333333","0.6049382716049383","0.7340823970037453","0.9655172413793104","0.5384615384615384","0.691358024691358","7568","0:12:57.045","0.9944252670296857","-1","2022-11-14T23:51:45.254609800"
"15_9_65_dbpedia_kaggle","dbpedia","kaggle","15","0.65","9","0.8235294117647058","0.8641975308641975","0.8433734939759034","0.8333333333333334","0.7692307692307693","0.8","13210","0:13:23.602","0.9944252670296857","-1","2022-11-15T00:05:24.814984600"
"15_9_85_dbpedia_kaggle","dbpedia","kaggle","15","0.85","9","0.9705882352941176","0.2037037037037037","0.33673469387755106","1.0","0.19230769230769232","0.32258064516129037","3250","0:12:58.225","0.9944252670296857","-1","2022-11-15T00:19:43.363676700"
"16_9_75_dbpedia_kaggle","dbpedia","kaggle","16","0.75","9","0.8592592592592593","0.7160493827160493","0.7811447811447811","0.9230769230769231","0.6923076923076923","0.7912087912087913","4465","0:25:51.877","0.9944252670296857","-1","2022-11-15T00:33:32.311394400"
"16_9_65_dbpedia_kaggle","dbpedia","kaggle","16","0.65","9","0.8611111111111112","0.7654320987654321","0.8104575163398693","0.9047619047619048","0.7307692307692307","0.8085106382978723","5716","0:26:17.131","0.9944252670296857","-1","2022-11-15T01:00:22.319538400"
"17_9_75_dbpedia_kaggle","dbpedia","kaggle","17","0.75","9","0.9144385026737968","0.8507462686567164","0.881443298969072","0.9032258064516129","0.9655172413793104","0.9333333333333333","20045","0:11:43.796","0.9947790639862519","-1","2022-11-15T13:22:51.138981800"
"17_9_8_dbpedia_kaggle","dbpedia","kaggle","17","0.8","9","0.9349112426035503","0.7860696517412935","0.854054054054054","0.9473684210526315","0.9310344827586207","0.9391304347826087","13832","0:10:56.491","0.9947790639862519","-1","2022-11-15T13:35:16.750763800"
"17_9_85_dbpedia_kaggle","dbpedia","kaggle","17","0.85","9","0.9847328244274809","0.6417910447761194","0.7771084337349398","0.9565217391304348","0.7586206896551724","0.8461538461538461","8769","0:10:53.751","0.9947790639862519","-1","2022-11-15T13:46:50.855950500"
"18_9_75_dbpedia_kaggle","dbpedia","kaggle","18","0.75","9","0.9144385026737968","0.8507462686567164","0.881443298969072","0.9032258064516129","0.9655172413793104","0.9333333333333333","20045","0:10:52.957","0.9947790639862519","-1","2022-11-15T13:58:23.988866400"
"18_9_8_dbpedia_kaggle","dbpedia","kaggle","18","0.8","9","0.9349112426035503","0.7860696517412935","0.854054054054054","0.9473684210526315","0.9310344827586207","0.9391304347826087","13832","0:10:47.679","0.9947790639862519","-1","2022-11-15T14:09:57.766236800"
"18_9_85_dbpedia_kaggle","dbpedia","kaggle","18","0.85","9","0.9847328244274809","0.6417910447761194","0.7771084337349398","0.9565217391304348","0.7586206896551724","0.8461538461538461","8769","0:10:43.784","0.9947790639862519","-1","2022-11-15T14:21:23.893717800"
"19_9_8_dbpedia_kaggle","dbpedia","kaggle","19","0.8","9","0.9490445859872612","0.7412935323383084","0.8324022346368716","0.9454545454545454","0.896551724137931","0.920353982300885","8729","0:08:39.591","0.9947790639862519","-1","2022-11-15T15:18:50.629991400"
"20_10_8_dbpedia_kaggle","dbpedia","kaggle","20","0.8","10","0.972972972972973","0.7164179104477612","0.825214899713467","0.9411764705882353","0.8275862068965517","0.8807339449541284","13383","0:21:57.131","0.9947790639862519","-1","2022-11-15T15:32:02.000180400"
"20_10_85_dbpedia_kaggle","dbpedia","kaggle","20","0.85","10","0.972027972027972","0.6915422885572139","0.8081395348837209","0.9423076923076923","0.8448275862068966","0.890909090909091","13915","0:20:22.394","0.9947790639862519","-1","2022-11-15T15:54:33.751397500"
"19_10_8_dbpedia_kaggle","dbpedia","kaggle","19","0.8","10","0.9490445859872612","0.7412935323383084","0.8324022346368716","0.9454545454545454","0.896551724137931","0.920353982300885","8729","0:09:02.070","0.9947790639862519","-1","2022-11-15T16:15:41.600591"
"19_10_85_dbpedia_kaggle","dbpedia","kaggle","19","0.85","10","0.9838709677419355","0.6069651741293532","0.7507692307692307","1.0","0.7068965517241379","0.8282828282828283","7358","0:10:43.658","0.9947790639862519","-1","2022-11-15T16:25:24.175719900"
"21_9_8_dbpedia_kaggle","dbpedia","kaggle","21","0.8","9","0.9234972677595629","0.8407960199004975","0.8802083333333334","0.9333333333333333","0.9655172413793104","0.9491525423728815","14708","0:13:53.827","0.9947790639862519","-1","2022-11-15T17:46:10.279073"
"21_9_85_dbpedia_kaggle","dbpedia","kaggle","21","0.85","9","0.9797297297297297","0.7213930348258707","0.8309455587392551","0.9795918367346939","0.8275862068965517","0.897196261682243","9039","0:12:48.549","0.9947790639862519","-1","2022-11-15T18:00:40.079444700"
"22_9_8_dbpedia_kaggle","dbpedia","kaggle","22","0.8","9","0.9378531073446328","0.8258706467661692","0.8783068783068784","0.9","0.9310344827586207","0.9152542372881356","5785","0:15:46.864","0.9947790639862519","-1","2022-11-15T18:14:12.190323100"
"22_9_85_dbpedia_kaggle","dbpedia","kaggle","22","0.85","9","0.9520958083832335","0.7910447761194029","0.8641304347826086","0.9259259259259259","0.8620689655172413","0.8928571428571429","5145","0:15:42.842","0.9947790639862519","-1","2022-11-15T18:30:42.458325600"
"23_9_8_dbpedia_kaggle","dbpedia","kaggle","23","0.8","9","0.9230769230769231","0.835820895522388","0.877284595300261","0.9322033898305084","0.9482758620689655","0.94017094017094","9370","0:14:23.287","0.9947790639862519","-1","2022-11-15T21:40:12.638345900"
"23_9_85_dbpedia_kaggle","dbpedia","kaggle","23","0.85","9","0.9506172839506173","0.7661691542288557","0.8484848484848483","0.9615384615384616","0.8620689655172413","0.9090909090909091","7747","0:13:36.101","0.9947790639862519","-1","2022-11-15T21:55:18.824711"
"23_9_9_dbpedia_kaggle","dbpedia","kaggle","23","0.9","9","0.9918032786885246","0.6019900497512438","0.7492260061919505","1.0","0.7586206896551724","0.8627450980392156","5279","0:13:48.457","0.9947790639862519","-1","2022-11-15T22:09:42.252255200"
"24_9_8_dbpedia_kaggle","dbpedia","kaggle","24","0.8","9","0.9691358024691358","0.7772277227722773","0.8626373626373626","0.9272727272727272","0.8360655737704918","0.8793103448275862","7112","0:21:06.044","0.9947790639862519","-1","2022-11-16T11:49:24.229673"
"24_9_85_dbpedia_kaggle","dbpedia","kaggle","24","0.85","9","0.8767772511848341","0.9158415841584159","0.8958837772397095","0.8461538461538461","0.9016393442622951","0.873015873015873","18480","0:27:11.046","0.9947790639862519","-1","2022-11-16T12:11:18.831014200"
"25_9_85_dbpedia_forbes","dbpedia","forbes","25","0.85","9","0.9715909090909091","0.8465346534653465","0.9047619047619048","1.0","0.8857142857142857","0.9393939393939393","743","0:00:06.387","0.9954739615623063","-1","2022-11-16T15:49:32.436548500"
"25_9_9_dbpedia_forbes","dbpedia","forbes","25","0.9","9","0.975","0.7722772277227723","0.861878453038674","1.0","0.8","0.888888888888889","707","0:00:04.655","0.9954739615623063","-1","2022-11-16T15:49:42.811710"
"25_9_7_dbpedia_forbes","dbpedia","forbes","25","0.7","9","0.9578947368421052","0.900990099009901","0.9285714285714285","0.9705882352941176","0.9428571428571428","0.9565217391304348","793","0:00:06.477","0.9954739615623063","-1","2022-11-16T16:00:03.783825200"
"25_9_7_dbpedia_forbes","dbpedia","forbes","25","0.7","9","0.9602272727272727","0.9086021505376344","0.9337016574585636","0.9259259259259259","0.847457627118644","0.8849557522123893","771","0:00:05.934","0.9954739615623063","-1","2022-11-16T16:17:44.783671600"
"25_9_85_dbpedia_forbes","dbpedia","forbes","25","0.85","9","0.9807692307692307","0.8225806451612904","0.8947368421052632","0.9761904761904762","0.6949152542372882","0.8118811881188118","709","0:00:04.171","0.9954739615623063","-1","2022-11-16T16:17:54.590476500"
"25_9_9_dbpedia_forbes","dbpedia","forbes","25","0.9","9","0.9782608695652174","0.7258064516129032","0.8333333333333333","0.975","0.6610169491525424","0.7878787878787878","644","0:00:04.190","0.9954739615623063","-1","2022-11-16T16:18:00.095031400"
"25_9_7_dbpedia_forbes","dbpedia","forbes","25","0.7","9","0.9479768786127167","0.8770053475935828","0.911111111111111","0.96","0.8571428571428571","0.9056603773584904","762","0:00:03.109","0.9954739615623063","-1","2022-11-16T16:32:23.639593"
"25_9_85_dbpedia_forbes","dbpedia","forbes","25","0.85","9","0.9683544303797469","0.8181818181818182","0.8869565217391305","1.0","0.8571428571428571","0.923076923076923","729","0:00:01.795","0.9954739615623063","-1","2022-11-16T16:32:28.791489500"
"25_9_9_dbpedia_forbes","dbpedia","forbes","25","0.9","9","0.9855072463768116","0.7272727272727273","0.8369230769230769","1.0","0.7321428571428571","0.8453608247422679","651","0:00:01.653","0.9954739615623063","-1","2022-11-16T16:32:31.108067400"
"25_9_7_dbpedia_forbes","dbpedia","forbes","25","0.7","9","0.9595375722543352","0.8877005347593583","0.9222222222222223","0.9807692307692307","0.9107142857142857","0.9444444444444444","760","0:00:03.015","0.9954739615623063","-1","2022-11-16T16:33:59.142184400"
"25_9_85_dbpedia_forbes","dbpedia","forbes","25","0.85","9","0.9866666666666667","0.7914438502673797","0.8783382789317508","1.0","0.8571428571428571","0.923076923076923","709","0:00:01.943","0.9954739615623063","-1","2022-11-16T16:34:04.175465800"
"25_9_9_dbpedia_forbes","dbpedia","forbes","25","0.9","9","0.990990990990991","0.5882352941176471","0.738255033557047","1.0","0.6607142857142857","0.7956989247311829","574","0:00:01.652","0.9954739615623063","-1","2022-11-16T16:34:06.736229500"
"25_9_7_dbpedia_forbes","dbpedia","forbes","25","0.7","9","0.9542857142857143","0.893048128342246","0.9226519337016574","0.9622641509433962","0.9107142857142857","0.9357798165137615","767","0:00:03.025","0.9954739615623063","-1","2022-11-16T16:35:51.439800900"
"25_9_8_dbpedia_forbes","dbpedia","forbes","25","0.8","9","0.963855421686747","0.8556149732620321","0.9065155807365439","1.0","0.875","0.9333333333333333","742","0:00:02.361","0.9954739615623063","-1","2022-11-16T16:35:56.529294900"
"25_9_85_dbpedia_forbes","dbpedia","forbes","25","0.85","9","0.9741935483870968","0.8074866310160428","0.8830409356725147","1.0","0.8214285714285714","0.9019607843137255","712","0:00:01.758","0.9954739615623063","-1","2022-11-16T16:35:59.501427200"
"25_9_9_dbpedia_forbes","dbpedia","forbes","25","0.9","9","0.9716312056737588","0.732620320855615","0.8353658536585367","1.0","0.7321428571428571","0.8453608247422679","654","0:00:01.659","0.9954739615623063","-1","2022-11-16T16:36:01.772863100"
"25_9_5_dbpedia_forbes","dbpedia","forbes","25","0.5","9","0.9243243243243243","0.9144385026737968","0.9193548387096774","0.8833333333333333","0.9464285714285714","0.9137931034482758","809","0:00:03.847","0.9954739615623063","-1","2022-11-16T16:39:03.515937800"
"25_9_5_dbpedia_forbes","dbpedia","forbes","25","0.5","9","0.9866666666666667","0.7914438502673797","0.8783382789317508","1.0","0.8571428571428571","0.923076923076923","709","0:00:03.161","0.9954739615623063","-1","2022-11-16T16:43:31.161424300"
"25_9_7_dbpedia_forbes","dbpedia","forbes","25","0.7","9","0.9542857142857143","0.893048128342246","0.9226519337016574","0.9622641509433962","0.9107142857142857","0.9357798165137615","765","0:00:01.762","0.9954739615623063","-1","2022-11-16T16:43:36.427602900"
"25_9_8_dbpedia_forbes","dbpedia","forbes","25","0.8","9","0.963855421686747","0.8556149732620321","0.9065155807365439","1.0","0.875","0.9333333333333333","742","0:00:01.700","0.9954739615623063","-1","2022-11-16T16:43:38.885831600"
"25_9_85_dbpedia_forbes","dbpedia","forbes","25","0.85","9","0.9741935483870968","0.8074866310160428","0.8830409356725147","1.0","0.8214285714285714","0.9019607843137255","712","0:00:01.650","0.9954739615623063","-1","2022-11-16T16:43:41.075112200"
"25_9_9_dbpedia_forbes","dbpedia","forbes","25","0.9","9","0.9716312056737588","0.732620320855615","0.8353658536585367","1.0","0.7321428571428571","0.8453608247422679","654","0:00:01.589","0.9954739615623063","-1","2022-11-16T16:43:43.088365400"
"26_9_5_dbpedia_forbes","dbpedia","forbes","26","0.5","9","0.917098445595855","0.946524064171123","0.9315789473684212","0.828125","0.9464285714285714","0.8833333333333333","931","0:00:02.325","0.9954739615623063","-1","2022-11-16T16:43:45.020375100"
"26_9_7_dbpedia_forbes","dbpedia","forbes","26","0.7","9","0.9337016574585635","0.9037433155080213","0.9184782608695653","0.8813559322033898","0.9285714285714286","0.9043478260869564","873","0:00:02.088","0.9954739615623063","-1","2022-11-16T16:43:47.626591500"
"26_9_8_dbpedia_forbes","dbpedia","forbes","26","0.8","9","0.9464285714285714","0.8502673796791443","0.8957746478873239","0.9433962264150944","0.8928571428571429","0.9174311926605505","827","0:00:02.205","0.9954739615623063","-1","2022-11-16T16:43:50.070219800"
"26_9_85_dbpedia_forbes","dbpedia","forbes","26","0.85","9","0.9464285714285714","0.8502673796791443","0.8957746478873239","0.9433962264150944","0.8928571428571429","0.9174311926605505","827","0:00:01.988","0.9954739615623063","-1","2022-11-16T16:43:52.594705700"
"26_9_9_dbpedia_forbes","dbpedia","forbes","26","0.9","9","0.9464285714285714","0.8502673796791443","0.8957746478873239","0.9433962264150944","0.8928571428571429","0.9174311926605505","827","0:00:02.107","0.9954739615623063","-1","2022-11-16T16:43:54.807868300"
"1_9_9_dbpedia_forbes","dbpedia","forbes","1","0.9","9","0.9529411764705882","0.8663101604278075","0.9075630252100839","0.8909090909090909","0.875","0.8828828828828829","797","0:00:01.482","0.9954739615623063","-1","2022-11-21T16:35:14.040835100"
"1_9_9_dbpedia_forbes","dbpedia","forbes","1","0.9","9","0.9529411764705882","0.8663101604278075","0.9075630252100839","0.8909090909090909","0.875","0.8828828828828829","797","0:00:01.544","0.9954739615623063","-1","2022-11-21T16:38:09.174328100"
"1_9_9_dbpedia_forbes","dbpedia","forbes","1","0.9","9","0.9529411764705882","0.8663101604278075","0.9075630252100839","0.8909090909090909","0.875","0.8828828828828829","797","0:00:01.478","0.9954739615623063","-1","2022-11-21T16:39:59.906374700"
