"Experiment ID","Dataset 1","Dataset 2","Matching Rule ID","Matching Rule Threshold","Blocker ID","Precision (Train)","Recall (Train)","F1 (Train)","Precision (Test)","Recall (Test)","F1 (Test)","#corr","Duration","Reduction ratio","#blocked pairs","dateTime","#corr top1","Precision top1","Recall top1","F1 top1"
"29_10_87_dbpedia_kaggle_f","dbpedia","kaggle_f","29","0.875","10","0.9405204460966543","0.8908450704225352","0.9150090415913201","0.9791666666666666","0.912621359223301","0.9447236180904524","0","","0.0","0","n/a","0","n/a","n/a","n/a"
"10_10_87_dbpedia_kaggle_f","dbpedia","kaggle_f","10","0.875","10","0.985781990521327","0.7323943661971831","0.8404040404040405","1.0","0.7669902912621359","0.868131868131868","0","","0.0","0","n/a","0","n/a","n/a","n/a"
"10_10_8_dbpedia_kaggle_f","dbpedia","kaggle_f","10","0.8","10","0.9788135593220338","0.8133802816901409","0.8884615384615384","0.9883720930232558","0.8252427184466019","0.8994708994708994","0","","0.0","0","n/a","0","n/a","n/a","n/a"
"10_10_9_dbpedia_kaggle_f","dbpedia","kaggle_f","10","0.9","10","1.0","0.6126760563380281","0.759825327510917","1.0","0.6504854368932039","0.788235294117647","0","","0.0","0","n/a","0","n/a","n/a","n/a"
"11_10_87_dbpedia_kaggle_f","dbpedia","kaggle_f","11","0.875","10","0.9855769230769231","0.721830985915493","0.8333333333333334","1.0","0.7572815533980582","0.8618784530386739","0","","0.0","0","n/a","0","n/a","n/a","n/a"
"11_10_8_dbpedia_kaggle_f","dbpedia","kaggle_f","11","0.8","10","0.9867256637168141","0.7852112676056338","0.8745098039215687","0.9880952380952381","0.8058252427184466","0.8877005347593583","0","","0.0","0","n/a","0","n/a","n/a","n/a"
"11_10_9_dbpedia_kaggle_f","dbpedia","kaggle_f","11","0.9","10","1.0","0.6126760563380281","0.759825327510917","1.0","0.6504854368932039","0.788235294117647","0","","0.0","0","n/a","0","n/a","n/a","n/a"
"15_10_7_dbpedia_kaggle_f","dbpedia","kaggle_f","15","0.7","10","0.8622950819672132","0.926056338028169","0.8930390492359932","0.8981481481481481","0.941747572815534","0.9194312796208531","0","","0.0","0","n/a","0","n/a","n/a","n/a"
"15_10_85_dbpedia_kaggle_f","dbpedia","kaggle_f","15","0.85","10","1.0","0.6443661971830986","0.7837259100642399","1.0","0.6601941747572816","0.7953216374269005","0","","0.0","0","n/a","0","n/a","n/a","n/a"
"15_10_87_dbpedia_kaggle_f","dbpedia","kaggle_f","15","0.875","10","1.0","0.6197183098591549","0.7652173913043477","1.0","0.6504854368932039","0.788235294117647","0","","0.0","0","n/a","0","n/a","n/a","n/a"
"15_10_8_dbpedia_kaggle_f","dbpedia","kaggle_f","15","0.8","10","0.9745762711864406","0.8098591549295775","0.8846153846153846","0.9880952380952381","0.8058252427184466","0.8877005347593583","0","","0.0","0","n/a","0","n/a","n/a","n/a"
"15_10_9_dbpedia_kaggle_f","dbpedia","kaggle_f","15","0.9","10","1.0","0.545774647887324","0.7061503416856493","1.0","0.5339805825242718","0.6962025316455696","0","","0.0","0","n/a","0","n/a","n/a","n/a"
"19_10_7_dbpedia_kaggle_f","dbpedia","kaggle_f","19","0.7","10","0.7732558139534884","0.9366197183098591","0.8471337579617835","0.8376068376068376","0.9514563106796117","0.8909090909090909","0","","0.0","0","n/a","0","n/a","n/a","n/a"
"19_10_85_dbpedia_kaggle_f","dbpedia","kaggle_f","19","0.85","10","0.9681818181818181","0.75","0.8452380952380951","0.9887640449438202","0.8543689320388349","0.9166666666666666","0","","0.0","0","n/a","0","n/a","n/a","n/a"
"19_10_87_dbpedia_kaggle_f","dbpedia","kaggle_f","19","0.875","10","0.9674418604651163","0.7323943661971831","0.8336673346693386","0.9882352941176471","0.8155339805825242","0.8936170212765956","0","","0.0","0","n/a","0","n/a","n/a","n/a"
"19_10_8_dbpedia_kaggle_f","dbpedia","kaggle_f","19","0.8","10","0.9341085271317829","0.8485915492957746","0.8892988929889298","0.9787234042553191","0.8932038834951457","0.934010152284264","0","","0.0","0","n/a","0","n/a","n/a","n/a"
"19_10_9_dbpedia_kaggle_f","dbpedia","kaggle_f","19","0.9","10","0.9847715736040609","0.6830985915492958","0.8066528066528066","1.0","0.7572815533980582","0.8618784530386739","0","","0.0","0","n/a","0","n/a","n/a","n/a"
"1_10_11_dbpedia_kaggle_f","dbpedia","kaggle_f","1","0.11","10","0.5693877551020409","0.9823943661971831","0.7209302325581395","0.6219512195121951","0.9902912621359223","0.7640449438202247","0","","0.0","0","n/a","0","n/a","n/a","n/a"
"1_10_7_dbpedia_kaggle_f","dbpedia","kaggle_f","1","0.7","10","0.6965699208443272","0.9295774647887324","0.7963800904977375","0.7692307692307693","0.970873786407767","0.8583690987124465","0","","0.0","0","n/a","0","n/a","n/a","n/a"
"1_10_85_dbpedia_kaggle_f","dbpedia","kaggle_f","1","0.85","10","0.7515923566878981","0.8309859154929577","0.7892976588628763","0.831858407079646","0.912621359223301","0.8703703703703703","0","","0.0","0","n/a","0","n/a","n/a","n/a"
"1_10_87_dbpedia_kaggle_f","dbpedia","kaggle_f","1","0.875","10","0.749185667752443","0.8098591549295775","0.7783417935702199","0.8288288288288288","0.8932038834951457","0.8598130841121495","0","","0.0","0","n/a","0","n/a","n/a","n/a"
"1_10_8_dbpedia_kaggle_f","dbpedia","kaggle_f","1","0.8","10","0.7374631268436578","0.8802816901408451","0.8025682182985554","0.8083333333333333","0.941747572815534","0.8699551569506726","0","","0.0","0","n/a","0","n/a","n/a","n/a"
"1_10_9_dbpedia_kaggle_f","dbpedia","kaggle_f","1","0.9","10","0.7542087542087542","0.7887323943661971","0.7710843373493975","0.8256880733944955","0.8737864077669902","0.8490566037735849","0","","0.0","0","n/a","0","n/a","n/a","n/a"
"20_10_85_dbpedia_kaggle_f","dbpedia","kaggle_f","20","0.85","10","0.9695652173913043","0.7852112676056338","0.8677042801556419","0.989010989010989","0.8737864077669902","0.9278350515463917","0","","0.0","0","n/a","0","n/a","n/a","n/a"
"20_10_87_dbpedia_kaggle_f","dbpedia","kaggle_f","20","0.875","10","1.0","0.5985915492957746","0.748898678414097","1.0","0.6310679611650486","0.7738095238095238","0","","0.0","0","n/a","0","n/a","n/a","n/a"
"21_10_7_dbpedia_kaggle_f","dbpedia","kaggle_f","21","0.7","10","0.6611374407582938","0.9823943661971831","0.7903682719546742","0.7083333333333334","0.9902912621359223","0.825910931174089","0","","0.0","0","n/a","0","n/a","n/a","n/a"
"21_10_85_dbpedia_kaggle_f","dbpedia","kaggle_f","21","0.85","10","0.9122807017543859","0.9154929577464789","0.9138840070298769","0.9339622641509434","0.9611650485436893","0.9473684210526316","0","","0.0","0","n/a","0","n/a","n/a","n/a"
"21_10_87_dbpedia_kaggle_f","dbpedia","kaggle_f","21","0.875","10","0.9429657794676806","0.8732394366197183","0.9067641681901281","0.9791666666666666","0.912621359223301","0.9447236180904524","0","","0.0","0","n/a","0","n/a","n/a","n/a"
"21_10_8_dbpedia_kaggle_f","dbpedia","kaggle_f","21","0.8","10","0.7424657534246575","0.954225352112676","0.8351309707241911","0.7952755905511811","0.9805825242718447","0.8782608695652175","0","","0.0","0","n/a","0","n/a","n/a","n/a"
"21_10_9_dbpedia_kaggle_f","dbpedia","kaggle_f","21","0.9","10","0.9713114754098361","0.8345070422535211","0.8977272727272727","0.9887640449438202","0.8543689320388349","0.9166666666666666","0","","0.0","0","n/a","0","n/a","n/a","n/a"
"21_12_7_dbpedia_kaggle_f","dbpedia","kaggle_f","21","0.7","12","0.6666666666666666","0.9577464788732394","0.7861271676300577","0.7021276595744681","0.9611650485436893","0.8114754098360656","0","","0.0","0","n/a","0","n/a","n/a","n/a"
"21_12_85_dbpedia_kaggle_f","dbpedia","kaggle_f","21","0.85","12","0.9230769230769231","0.8873239436619719","0.9048473967684022","0.9320388349514563","0.9320388349514563","0.9320388349514563","0","","0.0","0","n/a","0","n/a","n/a","n/a"
"21_12_87_dbpedia_kaggle_f","dbpedia","kaggle_f","21","0.875","12","0.9565217391304348","0.852112676056338","0.9013035381750465","0.9787234042553191","0.8932038834951457","0.934010152284264","0","","0.0","0","n/a","0","n/a","n/a","n/a"
"21_12_8_dbpedia_kaggle_f","dbpedia","kaggle_f","21","0.8","12","0.7471590909090909","0.926056338028169","0.8270440251572327","0.7903225806451613","0.9514563106796117","0.8634361233480176","0","","0.0","0","n/a","0","n/a","n/a","n/a"
"21_12_9_dbpedia_kaggle_f","dbpedia","kaggle_f","21","0.9","12","0.9746835443037974","0.8133802816901409","0.8867562380038387","0.9885057471264368","0.8349514563106796","0.9052631578947368","0","","0.0","0","n/a","0","n/a","n/a","n/a"
"21_13_7_dbpedia_kaggle_f","dbpedia","kaggle_f","21","0.7","13","0.8852459016393442","0.19014084507042253","0.31304347826086953","0.9090909090909091","0.1941747572815534","0.31999999999999995","0","","0.0","0","n/a","0","n/a","n/a","n/a"
"21_13_85_dbpedia_kaggle_f","dbpedia","kaggle_f","21","0.85","13","0.9464285714285714","0.18661971830985916","0.31176470588235294","1.0","0.18446601941747573","0.3114754098360656","0","","0.0","0","n/a","0","n/a","n/a","n/a"
"21_13_87_dbpedia_kaggle_f","dbpedia","kaggle_f","21","0.875","13","0.96","0.16901408450704225","0.2874251497005988","1.0","0.17475728155339806","0.2975206611570248","0","","0.0","0","n/a","0","n/a","n/a","n/a"
"21_13_8_dbpedia_kaggle_f","dbpedia","kaggle_f","21","0.8","13","0.9152542372881356","0.19014084507042253","0.31486880466472306","0.9523809523809523","0.1941747572815534","0.32258064516129037","0","","0.0","0","n/a","0","n/a","n/a","n/a"
"21_13_9_dbpedia_kaggle_f","dbpedia","kaggle_f","21","0.9","13","0.9791666666666666","0.16549295774647887","0.2831325301204819","1.0","0.1650485436893204","0.2833333333333334","0","","0.0","0","n/a","0","n/a","n/a","n/a"
"21_16_7_dbpedia_kaggle_f","dbpedia","kaggle_f","21","0.7","16","0.8273809523809523","0.4894366197183099","0.6150442477876107","0.8771929824561403","0.4854368932038835","0.6250000000000001","0","","0.0","0","n/a","0","n/a","n/a","n/a"
"21_16_85_dbpedia_kaggle_f","dbpedia","kaggle_f","21","0.85","16","0.9565217391304348","0.4647887323943662","0.6255924170616113","0.96","0.46601941747572817","0.6274509803921569","0","","0.0","0","n/a","0","n/a","n/a","n/a"
"21_16_87_dbpedia_kaggle_f","dbpedia","kaggle_f","21","0.875","16","0.9606299212598425","0.4295774647887324","0.5936739659367397","0.9787234042553191","0.44660194174757284","0.6133333333333333","0","","0.0","0","n/a","0","n/a","n/a","n/a"
"21_16_8_dbpedia_kaggle_f","dbpedia","kaggle_f","21","0.8","16","0.8607594936708861","0.4788732394366197","0.6153846153846154","0.9245283018867925","0.47572815533980584","0.6282051282051283","0","","0.0","0","n/a","0","n/a","n/a","n/a"
"21_16_9_dbpedia_kaggle_f","dbpedia","kaggle_f","21","0.9","16","0.975","0.4119718309859155","0.5792079207920792","1.0","0.42718446601941745","0.5986394557823129","0","","0.0","0","n/a","0","n/a","n/a","n/a"
"22_10_85_dbpedia_kaggle_f","dbpedia","kaggle_f","22","0.85","10","0.9952153110047847","0.7323943661971831","0.8438133874239351","0.9879518072289156","0.7961165048543689","0.8817204301075269","0","","0.0","0","n/a","0","n/a","n/a","n/a"
"22_10_87_dbpedia_kaggle_f","dbpedia","kaggle_f","22","0.875","10","1.0","0.6690140845070423","0.8016877637130801","1.0","0.6990291262135923","0.8228571428571428","0","","0.0","0","n/a","0","n/a","n/a","n/a"
"22_10_8_dbpedia_kaggle_f","dbpedia","kaggle_f","22","0.8","10","0.974025974025974","0.7922535211267606","0.8737864077669902","0.9883720930232558","0.8252427184466019","0.8994708994708994","0","","0.0","0","n/a","0","n/a","n/a","n/a"
"23_10_7_dbpedia_kaggle_f","dbpedia","kaggle_f","23","0.7","10","0.7229551451187335","0.9647887323943662","0.8265460030165912","0.7751937984496124","0.970873786407767","0.8620689655172413","0","","0.0","0","n/a","0","n/a","n/a","n/a"
"23_10_85_dbpedia_kaggle_f","dbpedia","kaggle_f","23","0.85","10","0.946360153256705","0.8697183098591549","0.9064220183486237","0.9789473684210527","0.9029126213592233","0.9393939393939394","0","","0.0","0","n/a","0","n/a","n/a","n/a"
"23_10_87_dbpedia_kaggle_f","dbpedia","kaggle_f","23","0.875","10","0.9714285714285714","0.8380281690140845","0.8998109640831757","0.9888888888888889","0.8640776699029126","0.9222797927461138","0","","0.0","0","n/a","0","n/a","n/a","n/a"
"23_10_8_dbpedia_kaggle_f","dbpedia","kaggle_f","23","0.8","10","0.9010238907849829","0.9295774647887324","0.9150779896013864","0.9339622641509434","0.9611650485436893","0.9473684210526316","0","","0.0","0","n/a","0","n/a","n/a","n/a"
"23_10_9_dbpedia_kaggle_f","dbpedia","kaggle_f","23","0.9","10","0.9906976744186047","0.75","0.8537074148296594","0.9882352941176471","0.8155339805825242","0.8936170212765956","0","","0.0","0","n/a","0","n/a","n/a","n/a"
"24_10_85_dbpedia_kaggle_f","dbpedia","kaggle_f","24","0.85","10","0.9496124031007752","0.8626760563380281","0.9040590405904059","0.9791666666666666","0.912621359223301","0.9447236180904524","0","","0.0","0","n/a","0","n/a","n/a","n/a"
"24_10_87_dbpedia_kaggle_f","dbpedia","kaggle_f","24","0.875","10","0.948339483394834","0.9049295774647887","0.9261261261261261","0.96875","0.9029126213592233","0.9346733668341708","0","","0.0","0","n/a","0","n/a","n/a","n/a"
"24_10_8_dbpedia_kaggle_f","dbpedia","kaggle_f","24","0.8","10","0.948339483394834","0.9049295774647887","0.9261261261261261","0.96875","0.9029126213592233","0.9346733668341708","0","","0.0","0","n/a","0","n/a","n/a","n/a"
"25_10_85_dbpedia_kaggle_f","dbpedia","kaggle_f","25","0.85","10","0.990521327014218","0.7359154929577465","0.8444444444444444","0.9879518072289156","0.7961165048543689","0.8817204301075269","0","","0.0","0","n/a","0","n/a","n/a","n/a"
"25_10_87_dbpedia_kaggle_f","dbpedia","kaggle_f","25","0.875","10","0.9739130434782609","0.7887323943661971","0.8715953307392996","0.9882352941176471","0.8155339805825242","0.8936170212765956","0","","0.0","0","n/a","0","n/a","n/a","n/a"
"25_10_8_dbpedia_kaggle_f","dbpedia","kaggle_f","25","0.8","10","0.9676113360323887","0.8415492957746479","0.9001883239171375","0.9888888888888889","0.8640776699029126","0.9222797927461138","0","","0.0","0","n/a","0","n/a","n/a","n/a"
"26_10_85_dbpedia_kaggle_f","dbpedia","kaggle_f","26","0.85","10","0.9496124031007752","0.8626760563380281","0.9040590405904059","0.9791666666666666","0.912621359223301","0.9447236180904524","0","","0.0","0","n/a","0","n/a","n/a","n/a"
"26_10_87_dbpedia_kaggle_f","dbpedia","kaggle_f","26","0.875","10","0.0","0.0","0.0","0.0","0.0","0.0","0","","0.0","0","n/a","0","n/a","n/a","n/a"
"26_10_8_dbpedia_kaggle_f","dbpedia","kaggle_f","26","0.8","10","0.9603174603174603","0.852112676056338","0.9029850746268656","0.9680851063829787","0.883495145631068","0.9238578680203046","0","","0.0","0","n/a","0","n/a","n/a","n/a"
"27_10_7_dbpedia_kaggle_f","dbpedia","kaggle_f","27","0.7","10","0.5882352941176471","0.9859154929577465","0.7368421052631579","0.64375","1.0","0.7832699619771863","0","","0.0","0","n/a","0","n/a","n/a","n/a"
"27_10_87_dbpedia_kaggle_f","dbpedia","kaggle_f","27","0.875","10","0.8585526315789473","0.9190140845070423","0.8877551020408163","0.9","0.9611650485436893","0.9295774647887324","0","","0.0","0","n/a","0","n/a","n/a","n/a"
"27_10_8_dbpedia_kaggle_f","dbpedia","kaggle_f","27","0.8","10","0.7","0.9612676056338029","0.8100890207715135","0.7372262773722628","0.9805825242718447","0.8416666666666668","0","","0.0","0","n/a","0","n/a","n/a","n/a"
"27_10_9_dbpedia_kaggle_f","dbpedia","kaggle_f","27","0.9","10","0.8992805755395683","0.8802816901408451","0.8896797153024911","0.9313725490196079","0.9223300970873787","0.9268292682926829","0","","0.0","0","n/a","0","n/a","n/a","n/a"
"28_10_7_dbpedia_kaggle_f","dbpedia","kaggle_f","28","0.7","10","0.7277628032345014","0.9507042253521126","0.8244274809160307","0.78125","0.970873786407767","0.8658008658008659","0","","0.0","0","n/a","0","n/a","n/a","n/a"
"28_10_85_dbpedia_kaggle_f","dbpedia","kaggle_f","28","0.85","10","0.9333333333333333","0.7394366197183099","0.825147347740668","0.9764705882352941","0.8058252427184466","0.8829787234042553","0","","0.0","0","n/a","0","n/a","n/a","n/a"
"28_10_87_dbpedia_kaggle_f","dbpedia","kaggle_f","28","0.875","10","0.9722222222222222","0.6161971830985915","0.7543103448275861","0.9852941176470589","0.6504854368932039","0.7836257309941521","0","","0.0","0","n/a","0","n/a","n/a","n/a"
"28_10_8_dbpedia_kaggle_f","dbpedia","kaggle_f","28","0.8","10","0.9111969111969112","0.8309859154929577","0.8692449355432781","0.9468085106382979","0.8640776699029126","0.9035532994923857","0","","0.0","0","n/a","0","n/a","n/a","n/a"
"28_10_9_dbpedia_kaggle_f","dbpedia","kaggle_f","28","0.9","10","0.9411764705882353","0.16901408450704225","0.2865671641791045","0.9523809523809523","0.1941747572815534","0.32258064516129037","0","","0.0","0","n/a","0","n/a","n/a","n/a"
"29_10_7_dbpedia_kaggle_f","dbpedia","kaggle_f","29","0.7","10","0.623059866962306","0.9894366197183099","0.764625850340136","0.673202614379085","1.0","0.8046875","0","","0.0","0","n/a","0","n/a","n/a","n/a"
"29_10_85_dbpedia_kaggle_f","dbpedia","kaggle_f","29","0.85","10","0.9217081850533808","0.9119718309859155","0.9168141592920355","0.9333333333333333","0.9514563106796117","0.9423076923076923","0","","0.0","0","n/a","0","n/a","n/a","n/a"
"29_10_87_dbpedia_kaggle_f","dbpedia","kaggle_f","29","0.875","10","0.9405204460966543","0.8908450704225352","0.9150090415913201","0.9791666666666666","0.912621359223301","0.9447236180904524","0","","0.0","0","n/a","0","n/a","n/a","n/a"
"29_10_8_dbpedia_kaggle_f","dbpedia","kaggle_f","29","0.8","10","0.8562300319488818","0.9436619718309859","0.897822445561139","0.8782608695652174","0.9805825242718447","0.926605504587156","0","","0.0","0","n/a","0","n/a","n/a","n/a"
"29_10_9_dbpedia_kaggle_f","dbpedia","kaggle_f","29","0.9","10","0.9676113360323887","0.8415492957746479","0.9001883239171375","0.9887640449438202","0.8543689320388349","0.9166666666666666","0","","0.0","0","n/a","0","n/a","n/a","n/a"
"29_12_87_dbpedia_kaggle_f","dbpedia","kaggle_f","29","0.875","12","0.9427480916030534","0.8697183098591549","0.9047619047619047","0.9787234042553191","0.8932038834951457","0.934010152284264","0","","0.0","0","n/a","0","n/a","n/a","n/a"
"29_13_87_dbpedia_kaggle_f","dbpedia","kaggle_f","29","0.875","13","0.9433962264150944","0.176056338028169","0.2967359050445104","1.0","0.1650485436893204","0.2833333333333334","0","","0.0","0","n/a","0","n/a","n/a","n/a"
"29_16_87_dbpedia_kaggle_f","dbpedia","kaggle_f","29","0.875","16","0.9545454545454546","0.44366197183098594","0.6057692307692307","0.9777777777777777","0.42718446601941745","0.5945945945945945","0","","0.0","0","n/a","0","n/a","n/a","n/a"
"2_10_11_dbpedia_kaggle_f","dbpedia","kaggle_f","2","0.11","10","0.7012658227848101","0.9753521126760564","0.8159057437407954","0.7279411764705882","0.9611650485436893","0.8284518828451881","0","","0.0","0","n/a","0","n/a","n/a","n/a"
"2_10_7_dbpedia_kaggle_f","dbpedia","kaggle_f","2","0.7","10","0.8996282527881041","0.852112676056338","0.8752260397830018","0.9340659340659341","0.8252427184466019","0.8762886597938145","0","","0.0","0","n/a","0","n/a","n/a","n/a"
"2_10_85_dbpedia_kaggle_f","dbpedia","kaggle_f","2","0.85","10","0.9834254143646409","0.6267605633802817","0.7655913978494624","1.0","0.5922330097087378","0.7439024390243902","0","","0.0","0","n/a","0","n/a","n/a","n/a"
"2_10_87_dbpedia_kaggle_f","dbpedia","kaggle_f","2","0.875","10","0.9818181818181818","0.5704225352112676","0.7216035634743876","1.0","0.5728155339805825","0.7283950617283951","0","","0.0","0","n/a","0","n/a","n/a","n/a"
"2_10_8_dbpedia_kaggle_f","dbpedia","kaggle_f","2","0.8","10","0.9457013574660633","0.7359154929577465","0.8277227722772277","0.9859154929577465","0.6796116504854369","0.8045977011494252","0","","0.0","0","n/a","0","n/a","n/a","n/a"
"2_10_9_dbpedia_kaggle_f","dbpedia","kaggle_f","2","0.9","10","0.9934640522875817","0.5352112676056338","0.6956521739130435","1.0","0.5242718446601942","0.6878980891719745","0","","0.0","0","n/a","0","n/a","n/a","n/a"
"5_10_7_dbpedia_kaggle_f","dbpedia","kaggle_f","5","0.7","10","0.5293005671077504","0.9859154929577465","0.6888068880688806","0.5628415300546448","1.0","0.7202797202797202","0","","0.0","0","n/a","0","n/a","n/a","n/a"
"5_10_85_dbpedia_kaggle_f","dbpedia","kaggle_f","5","0.85","10","0.6965699208443272","0.9295774647887324","0.7963800904977375","0.7692307692307693","0.970873786407767","0.8583690987124465","0","","0.0","0","n/a","0","n/a","n/a","n/a"
"5_10_87_dbpedia_kaggle_f","dbpedia","kaggle_f","5","0.875","10","0.725","0.9190140845070423","0.8105590062111802","0.792","0.9611650485436893","0.868421052631579","0","","0.0","0","n/a","0","n/a","n/a","n/a"
"5_10_8_dbpedia_kaggle_f","dbpedia","kaggle_f","5","0.8","10","0.6423529411764706","0.9612676056338029","0.7700987306064881","0.6917808219178082","0.9805825242718447","0.8112449799196787","0","","0.0","0","n/a","0","n/a","n/a","n/a"
"5_10_9_dbpedia_kaggle_f","dbpedia","kaggle_f","5","0.9","10","0.7374631268436578","0.8802816901408451","0.8025682182985554","0.8083333333333333","0.941747572815534","0.8699551569506726","0","","0.0","0","n/a","0","n/a","n/a","n/a"
"6_10_7_dbpedia_kaggle_f","dbpedia","kaggle_f","6","0.7","10","0.7165354330708661","0.9612676056338029","0.8210526315789474","0.7555555555555555","0.9902912621359223","0.8571428571428571","0","","0.0","0","n/a","0","n/a","n/a","n/a"
"6_10_85_dbpedia_kaggle_f","dbpedia","kaggle_f","6","0.85","10","0.9867256637168141","0.7852112676056338","0.8745098039215687","0.9880952380952381","0.8058252427184466","0.8877005347593583","0","","0.0","0","n/a","0","n/a","n/a","n/a"
"6_10_87_dbpedia_kaggle_f","dbpedia","kaggle_f","6","0.875","10","0.985981308411215","0.7429577464788732","0.8473895582329318","1.0","0.7669902912621359","0.868131868131868","0","","0.0","0","n/a","0","n/a","n/a","n/a"
"6_10_8_dbpedia_kaggle_f","dbpedia","kaggle_f","6","0.8","10","0.9405204460966543","0.8908450704225352","0.9150090415913201","0.9787234042553191","0.8932038834951457","0.934010152284264","0","","0.0","0","n/a","0","n/a","n/a","n/a"
"6_10_9_dbpedia_kaggle_f","dbpedia","kaggle_f","6","0.9","10","1.0","0.6197183098591549","0.7652173913043477","1.0","0.6504854368932039","0.788235294117647","0","","0.0","0","n/a","0","n/a","n/a","n/a"
"7_10_85_dbpedia_kaggle_f","dbpedia","kaggle_f","7","0.85","10","1.0","0.6443661971830986","0.7837259100642399","1.0","0.6601941747572816","0.7953216374269005","0","","0.0","0","n/a","0","n/a","n/a","n/a"
"7_10_87_dbpedia_kaggle_f","dbpedia","kaggle_f","7","0.875","10","1.0","0.6197183098591549","0.7652173913043477","1.0","0.6504854368932039","0.788235294117647","0","","0.0","0","n/a","0","n/a","n/a","n/a"
"7_10_8_dbpedia_kaggle_f","dbpedia","kaggle_f","7","0.8","10","0.982532751091703","0.7922535211267606","0.8771929824561404","0.9880952380952381","0.8058252427184466","0.8877005347593583","0","","0.0","0","n/a","0","n/a","n/a","n/a"
"8_10_85_dbpedia_kaggle_f","dbpedia","kaggle_f","8","0.85","10","0.9612403100775194","0.8732394366197183","0.9151291512915128","0.9891304347826086","0.883495145631068","0.9333333333333333","0","","0.0","0","n/a","0","n/a","n/a","n/a"
"8_10_8_dbpedia_kaggle_f","dbpedia","kaggle_f","8","0.8","10","0.9671532846715328","0.9330985915492958","0.9498207885304659","0.9405940594059405","0.9223300970873787","0.9313725490196079","0","","0.0","0","n/a","0","n/a","n/a","n/a"
"8_10_9_dbpedia_kaggle_f","dbpedia","kaggle_f","8","0.9","10","0.9875","0.8345070422535211","0.9045801526717557","0.9565217391304348","0.8543689320388349","0.9025641025641026","0","","0.0","0","n/a","0","n/a","n/a","n/a"
"9_10_7_dbpedia_kaggle_f","dbpedia","kaggle_f","9","0.7","10","0.7165354330708661","0.9612676056338029","0.8210526315789474","0.7555555555555555","0.9902912621359223","0.8571428571428571","0","","0.0","0","n/a","0","n/a","n/a","n/a"
"9_10_85_dbpedia_kaggle_f","dbpedia","kaggle_f","9","0.85","10","0.9867256637168141","0.7852112676056338","0.8745098039215687","0.9880952380952381","0.8058252427184466","0.8877005347593583","0","","0.0","0","n/a","0","n/a","n/a","n/a"
"9_10_87_dbpedia_kaggle_f","dbpedia","kaggle_f","9","0.875","10","0.985981308411215","0.7429577464788732","0.8473895582329318","1.0","0.7669902912621359","0.868131868131868","0","","0.0","0","n/a","0","n/a","n/a","n/a"
"9_10_8_dbpedia_kaggle_f","dbpedia","kaggle_f","9","0.8","10","0.9405204460966543","0.8908450704225352","0.9150090415913201","0.9787234042553191","0.8932038834951457","0.934010152284264","0","","0.0","0","n/a","0","n/a","n/a","n/a"
"9_10_9_dbpedia_kaggle_f","dbpedia","kaggle_f","9","0.9","10","1.0","0.6197183098591549","0.7652173913043477","1.0","0.6504854368932039","0.788235294117647","0","","0.0","0","n/a","0","n/a","n/a","n/a"
"10_10_85_dw_kaggle_f","dw","kaggle_f","10","0.85","10","0.9487179487179487","0.3894736842105263","0.5522388059701492","1.0","0.35555555555555557","0.5245901639344263","0","","0.0","0","n/a","0","n/a","n/a","n/a"
"10_10_87_dw_kaggle_f","dw","kaggle_f","10","0.875","10","0.9510869565217391","0.6140350877192983","0.7462686567164178","0.9649122807017544","0.6111111111111112","0.7482993197278912","0","","0.0","0","n/a","0","n/a","n/a","n/a"
"10_10_8_dw_kaggle_f","dw","kaggle_f","10","0.8","10","0.8984375","0.8070175438596491","0.8502772643253235","0.8292682926829268","0.7555555555555555","0.7906976744186047","0","","0.0","0","n/a","0","n/a","n/a","n/a"
"10_10_9_dw_kaggle_f","dw","kaggle_f","10","0.9","10","0.9473684210526315","0.37894736842105264","0.5413533834586467","1.0","0.34444444444444444","0.512396694214876","0","","0.0","0","n/a","0","n/a","n/a","n/a"
"11_10_85_dw_kaggle_f","dw","kaggle_f","11","0.85","10","0.9473684210526315","0.37894736842105264","0.5413533834586467","1.0","0.34444444444444444","0.512396694214876","0","","0.0","0","n/a","0","n/a","n/a","n/a"
"11_10_87_dw_kaggle_f","dw","kaggle_f","11","0.875","10","0.9405940594059405","0.3333333333333333","0.49222797927461137","1.0","0.3","0.4615384615384615","0","","0.0","0","n/a","0","n/a","n/a","n/a"
"11_10_8_dw_kaggle_f","dw","kaggle_f","11","0.8","10","0.0","0.0","0.0","0.0","0.0","0.0","0","","0.0","0","n/a","0","n/a","n/a","n/a"
"12_10_85_dw_kaggle_f","dw","kaggle_f","12","0.85","10","0.9487179487179487","0.3894736842105263","0.5522388059701492","1.0","0.35555555555555557","0.5245901639344263","0","","0.0","0","n/a","0","n/a","n/a","n/a"
"12_10_87_dw_kaggle_f","dw","kaggle_f","12","0.875","10","0.9473684210526315","0.37894736842105264","0.5413533834586467","1.0","0.34444444444444444","0.512396694214876","0","","0.0","0","n/a","0","n/a","n/a","n/a"
"12_10_8_dw_kaggle_f","dw","kaggle_f","12","0.8","10","0.9340659340659341","0.5964912280701754","0.7280513918629551","0.9615384615384616","0.5555555555555556","0.7042253521126761","0","","0.0","0","n/a","0","n/a","n/a","n/a"
"13_10_85_dw_kaggle_f","dw","kaggle_f","13","0.85","10","0.89453125","0.8035087719298246","0.8465804066543438","0.8148148148148148","0.7333333333333333","0.7719298245614035","0","","0.0","0","n/a","0","n/a","n/a","n/a"
"13_10_87_dw_kaggle_f","dw","kaggle_f","13","0.875","10","0.89453125","0.8035087719298246","0.8465804066543438","0.8148148148148148","0.7333333333333333","0.7719298245614035","0","","0.0","0","n/a","0","n/a","n/a","n/a"
"13_10_8_dw_kaggle_f","dw","kaggle_f","13","0.8","10","0.8909774436090225","0.8315789473684211","0.8602540834845734","0.813953488372093","0.7777777777777778","0.7954545454545455","0","","0.0","0","n/a","0","n/a","n/a","n/a"
"14_10_7_dw_kaggle_f","dw","kaggle_f","14","0.7","10","0.6145124716553289","0.9508771929824561","0.7465564738292011","0.5912408759124088","0.9","0.7136563876651983","0","","0.0","0","n/a","0","n/a","n/a","n/a"
"14_10_85_dw_kaggle_f","dw","kaggle_f","14","0.85","10","0.89272030651341","0.8175438596491228","0.8534798534798536","0.8214285714285714","0.7666666666666667","0.793103448275862","0","","0.0","0","n/a","0","n/a","n/a","n/a"
"14_10_87_dw_kaggle_f","dw","kaggle_f","14","0.875","10","0.8980392156862745","0.8035087719298246","0.8481481481481481","0.8292682926829268","0.7555555555555555","0.7906976744186047","0","","0.0","0","n/a","0","n/a","n/a","n/a"
"14_10_8_dw_kaggle_f","dw","kaggle_f","14","0.8","10","0.6666666666666666","0.856140350877193","0.749615975422427","0.6396396396396397","0.7888888888888889","0.7064676616915422","0","","0.0","0","n/a","0","n/a","n/a","n/a"
"14_10_9_dw_kaggle_f","dw","kaggle_f","14","0.9","10","0.9510869565217391","0.6140350877192983","0.7462686567164178","0.9649122807017544","0.6111111111111112","0.7482993197278912","0","","0.0","0","n/a","0","n/a","n/a","n/a"
"15_10_7_dw_kaggle_f","dw","kaggle_f","15","0.7","10","0.8333333333333334","0.8771929824561403","0.8547008547008548","0.7692307692307693","0.7777777777777778","0.7734806629834255","0","","0.0","0","n/a","0","n/a","n/a","n/a"
"15_10_85_dw_kaggle_f","dw","kaggle_f","15","0.85","10","0.9473684210526315","0.37894736842105264","0.5413533834586467","1.0","0.35555555555555557","0.5245901639344263","0","","0.0","0","n/a","0","n/a","n/a","n/a"
"15_10_87_dw_kaggle_f","dw","kaggle_f","15","0.875","10","0.9473684210526315","0.37894736842105264","0.5413533834586467","1.0","0.34444444444444444","0.512396694214876","0","","0.0","0","n/a","0","n/a","n/a","n/a"
"15_10_8_dw_kaggle_f","dw","kaggle_f","15","0.8","10","0.9421052631578948","0.6280701754385964","0.7536842105263157","0.9661016949152542","0.6333333333333333","0.7651006711409396","0","","0.0","0","n/a","0","n/a","n/a","n/a"
"15_10_9_dw_kaggle_f","dw","kaggle_f","15","0.9","10","0.9405940594059405","0.3333333333333333","0.49222797927461137","1.0","0.3","0.4615384615384615","0","","0.0","0","n/a","0","n/a","n/a","n/a"
"16_10_85_dw_kaggle_f","dw","kaggle_f","16","0.85","10","0.9424460431654677","0.45964912280701753","0.6179245283018868","0.972972972972973","0.4","0.5669291338582677","0","","0.0","0","n/a","0","n/a","n/a","n/a"
"16_10_87_dw_kaggle_f","dw","kaggle_f","16","0.875","10","0.952","0.41754385964912283","0.5804878048780489","1.0","0.37777777777777777","0.5483870967741935","0","","0.0","0","n/a","0","n/a","n/a","n/a"
"16_10_8_dw_kaggle_f","dw","kaggle_f","16","0.8","10","0.9192546583850931","0.519298245614035","0.6636771300448431","0.9512195121951219","0.43333333333333335","0.5954198473282443","0","","0.0","0","n/a","0","n/a","n/a","n/a"
"19_10_7_dw_kaggle_f","dw","kaggle_f","19","0.7","10","0.7678571428571429","0.9052631578947369","0.8309178743961353","0.7428571428571429","0.8666666666666667","0.8","0","","0.0","0","n/a","0","n/a","n/a","n/a"
"19_10_85_dw_kaggle_f","dw","kaggle_f","19","0.85","10","0.9319148936170213","0.7684210526315789","0.8423076923076922","0.8846153846153846","0.7666666666666667","0.8214285714285715","0","","0.0","0","n/a","0","n/a","n/a","n/a"
"19_10_87_dw_kaggle_f","dw","kaggle_f","19","0.875","10","0.9292035398230089","0.7368421052631579","0.821917808219178","0.9014084507042254","0.7111111111111111","0.7950310559006212","0","","0.0","0","n/a","0","n/a","n/a","n/a"
"19_10_8_dw_kaggle_f","dw","kaggle_f","19","0.8","10","0.8297872340425532","0.8210526315789474","0.8253968253968254","0.782608695652174","0.8","0.7912087912087912","0","","0.0","0","n/a","0","n/a","n/a","n/a"
"19_10_9_dw_kaggle_f","dw","kaggle_f","19","0.9","10","0.9473684210526315","0.5684210526315789","0.7105263157894737","0.9622641509433962","0.5666666666666667","0.7132867132867132","0","","0.0","0","n/a","0","n/a","n/a","n/a"
"1_10_11_dw_kaggle_f","dw","kaggle_f","1","0.11","10","0.5749486652977412","0.9824561403508771","0.7253886010362693","0.5506329113924051","0.9666666666666667","0.7016129032258066","0","","0.0","0","n/a","0","n/a","n/a","n/a"
"20_10_85_dw_kaggle_f","dw","kaggle_f","20","0.85","10","0.9288888888888889","0.7333333333333333","0.8196078431372548","0.9","0.7","0.7875","0","","0.0","0","n/a","0","n/a","n/a","n/a"
"20_10_87_dw_kaggle_f","dw","kaggle_f","20","0.875","10","0.9361702127659575","0.3087719298245614","0.46437994722955145","1.0","0.3","0.4615384615384615","0","","0.0","0","n/a","0","n/a","n/a","n/a"
"20_10_8_dw_kaggle_f","dw","kaggle_f","20","0.8","10","0.9467455621301775","0.5614035087719298","0.7048458149779736","0.9574468085106383","0.5","0.656934306569343","0","","0.0","0","n/a","0","n/a","n/a","n/a"
"10_10_85_dw_kaggle_f","dw","kaggle_f","10","0.85","10","0.9487179487179487","0.3894736842105263","0.5522388059701492","1.0","0.35555555555555557","0.5245901639344263","0","","0.0","0","n/a","0","n/a","n/a","n/a"
"10_10_87_dw_kaggle_f","dw","kaggle_f","10","0.875","10","0.9510869565217391","0.6140350877192983","0.7462686567164178","0.9649122807017544","0.6111111111111112","0.7482993197278912","0","","0.0","0","n/a","0","n/a","n/a","n/a"
"10_10_8_dw_kaggle_f","dw","kaggle_f","10","0.8","10","0.8984375","0.8070175438596491","0.8502772643253235","0.8292682926829268","0.7555555555555555","0.7906976744186047","0","","0.0","0","n/a","0","n/a","n/a","n/a"
"10_10_9_dw_kaggle_f","dw","kaggle_f","10","0.9","10","0.9473684210526315","0.37894736842105264","0.5413533834586467","1.0","0.34444444444444444","0.512396694214876","0","","0.0","0","n/a","0","n/a","n/a","n/a"
"11_10_85_dw_kaggle_f","dw","kaggle_f","11","0.85","10","0.9473684210526315","0.37894736842105264","0.5413533834586467","1.0","0.34444444444444444","0.512396694214876","0","","0.0","0","n/a","0","n/a","n/a","n/a"
"11_10_87_dw_kaggle_f","dw","kaggle_f","11","0.875","10","0.9405940594059405","0.3333333333333333","0.49222797927461137","1.0","0.3","0.4615384615384615","0","","0.0","0","n/a","0","n/a","n/a","n/a"
"11_10_8_dw_kaggle_f","dw","kaggle_f","11","0.8","10","0.0","0.0","0.0","0.0","0.0","0.0","0","","0.0","0","n/a","0","n/a","n/a","n/a"
"12_10_85_dw_kaggle_f","dw","kaggle_f","12","0.85","10","0.9487179487179487","0.3894736842105263","0.5522388059701492","1.0","0.35555555555555557","0.5245901639344263","0","","0.0","0","n/a","0","n/a","n/a","n/a"
"12_10_87_dw_kaggle_f","dw","kaggle_f","12","0.875","10","0.9473684210526315","0.37894736842105264","0.5413533834586467","1.0","0.34444444444444444","0.512396694214876","0","","0.0","0","n/a","0","n/a","n/a","n/a"
"12_10_8_dw_kaggle_f","dw","kaggle_f","12","0.8","10","0.9340659340659341","0.5964912280701754","0.7280513918629551","0.9615384615384616","0.5555555555555556","0.7042253521126761","0","","0.0","0","n/a","0","n/a","n/a","n/a"
"13_10_85_dw_kaggle_f","dw","kaggle_f","13","0.85","10","0.89453125","0.8035087719298246","0.8465804066543438","0.8148148148148148","0.7333333333333333","0.7719298245614035","0","","0.0","0","n/a","0","n/a","n/a","n/a"
"13_10_87_dw_kaggle_f","dw","kaggle_f","13","0.875","10","0.89453125","0.8035087719298246","0.8465804066543438","0.8148148148148148","0.7333333333333333","0.7719298245614035","0","","0.0","0","n/a","0","n/a","n/a","n/a"
"13_10_8_dw_kaggle_f","dw","kaggle_f","13","0.8","10","0.8909774436090225","0.8315789473684211","0.8602540834845734","0.813953488372093","0.7777777777777778","0.7954545454545455","0","","0.0","0","n/a","0","n/a","n/a","n/a"
"14_10_7_dw_kaggle_f","dw","kaggle_f","14","0.7","10","0.6145124716553289","0.9508771929824561","0.7465564738292011","0.5912408759124088","0.9","0.7136563876651983","0","","0.0","0","n/a","0","n/a","n/a","n/a"
"14_10_85_dw_kaggle_f","dw","kaggle_f","14","0.85","10","0.89272030651341","0.8175438596491228","0.8534798534798536","0.8214285714285714","0.7666666666666667","0.793103448275862","0","","0.0","0","n/a","0","n/a","n/a","n/a"
"14_10_87_dw_kaggle_f","dw","kaggle_f","14","0.875","10","0.8980392156862745","0.8035087719298246","0.8481481481481481","0.8292682926829268","0.7555555555555555","0.7906976744186047","0","","0.0","0","n/a","0","n/a","n/a","n/a"
"14_10_8_dw_kaggle_f","dw","kaggle_f","14","0.8","10","0.6666666666666666","0.856140350877193","0.749615975422427","0.6396396396396397","0.7888888888888889","0.7064676616915422","0","","0.0","0","n/a","0","n/a","n/a","n/a"
"14_10_9_dw_kaggle_f","dw","kaggle_f","14","0.9","10","0.9510869565217391","0.6140350877192983","0.7462686567164178","0.9649122807017544","0.6111111111111112","0.7482993197278912","0","","0.0","0","n/a","0","n/a","n/a","n/a"
"15_10_7_dw_kaggle_f","dw","kaggle_f","15","0.7","10","0.8333333333333334","0.8771929824561403","0.8547008547008548","0.7692307692307693","0.7777777777777778","0.7734806629834255","0","","0.0","0","n/a","0","n/a","n/a","n/a"
"15_10_85_dw_kaggle_f","dw","kaggle_f","15","0.85","10","0.9473684210526315","0.37894736842105264","0.5413533834586467","1.0","0.35555555555555557","0.5245901639344263","0","","0.0","0","n/a","0","n/a","n/a","n/a"
"15_10_87_dw_kaggle_f","dw","kaggle_f","15","0.875","10","0.9473684210526315","0.37894736842105264","0.5413533834586467","1.0","0.34444444444444444","0.512396694214876","0","","0.0","0","n/a","0","n/a","n/a","n/a"
"15_10_8_dw_kaggle_f","dw","kaggle_f","15","0.8","10","0.9421052631578948","0.6280701754385964","0.7536842105263157","0.9661016949152542","0.6333333333333333","0.7651006711409396","0","","0.0","0","n/a","0","n/a","n/a","n/a"
"15_10_9_dw_kaggle_f","dw","kaggle_f","15","0.9","10","0.9405940594059405","0.3333333333333333","0.49222797927461137","1.0","0.3","0.4615384615384615","0","","0.0","0","n/a","0","n/a","n/a","n/a"
"16_10_85_dw_kaggle_f","dw","kaggle_f","16","0.85","10","0.9424460431654677","0.45964912280701753","0.6179245283018868","0.972972972972973","0.4","0.5669291338582677","0","","0.0","0","n/a","0","n/a","n/a","n/a"
"16_10_87_dw_kaggle_f","dw","kaggle_f","16","0.875","10","0.952","0.41754385964912283","0.5804878048780489","1.0","0.37777777777777777","0.5483870967741935","0","","0.0","0","n/a","0","n/a","n/a","n/a"
"16_10_8_dw_kaggle_f","dw","kaggle_f","16","0.8","10","0.9192546583850931","0.519298245614035","0.6636771300448431","0.9512195121951219","0.43333333333333335","0.5954198473282443","0","","0.0","0","n/a","0","n/a","n/a","n/a"
"19_10_7_dw_kaggle_f","dw","kaggle_f","19","0.7","10","0.7678571428571429","0.9052631578947369","0.8309178743961353","0.7428571428571429","0.8666666666666667","0.8","0","","0.0","0","n/a","0","n/a","n/a","n/a"
"19_10_85_dw_kaggle_f","dw","kaggle_f","19","0.85","10","0.9319148936170213","0.7684210526315789","0.8423076923076922","0.8846153846153846","0.7666666666666667","0.8214285714285715","0","","0.0","0","n/a","0","n/a","n/a","n/a"
"19_10_87_dw_kaggle_f","dw","kaggle_f","19","0.875","10","0.9292035398230089","0.7368421052631579","0.821917808219178","0.9014084507042254","0.7111111111111111","0.7950310559006212","0","","0.0","0","n/a","0","n/a","n/a","n/a"
"19_10_8_dw_kaggle_f","dw","kaggle_f","19","0.8","10","0.8297872340425532","0.8210526315789474","0.8253968253968254","0.782608695652174","0.8","0.7912087912087912","0","","0.0","0","n/a","0","n/a","n/a","n/a"
"19_10_9_dw_kaggle_f","dw","kaggle_f","19","0.9","10","0.9473684210526315","0.5684210526315789","0.7105263157894737","0.9622641509433962","0.5666666666666667","0.7132867132867132","0","","0.0","0","n/a","0","n/a","n/a","n/a"
"20_10_85_dw_kaggle_f","dw","kaggle_f","20","0.85","10","0.9288888888888889","0.7333333333333333","0.8196078431372548","0.9","0.7","0.7875","0","","0.0","0","n/a","0","n/a","n/a","n/a"
"20_10_87_dw_kaggle_f","dw","kaggle_f","20","0.875","10","0.9361702127659575","0.3087719298245614","0.46437994722955145","1.0","0.3","0.4615384615384615","0","","0.0","0","n/a","0","n/a","n/a","n/a"
"20_10_8_dw_kaggle_f","dw","kaggle_f","20","0.8","10","0.9467455621301775","0.5614035087719298","0.7048458149779736","0.9574468085106383","0.5","0.656934306569343","0","","0.0","0","n/a","0","n/a","n/a","n/a"
"21_10_7_dw_kaggle_f","dw","kaggle_f","21","0.7","10","0.625","0.9824561403508771","0.7639836289222373","0.60431654676259","0.9333333333333333","0.7336244541484715","0","","0.0","0","n/a","0","n/a","n/a","n/a"
"21_10_85_dw_kaggle_f","dw","kaggle_f","21","0.85","10","0.7974683544303798","0.8842105263157894","0.8386023294509153","0.7857142857142857","0.8555555555555555","0.8191489361702127","0","","0.0","0","n/a","0","n/a","n/a","n/a"
"21_10_87_dw_kaggle_f","dw","kaggle_f","21","0.875","10","0.8424657534246576","0.8631578947368421","0.852686308492201","0.8260869565217391","0.8444444444444444","0.8351648351648352","0","","0.0","0","n/a","0","n/a","n/a","n/a"
"21_10_8_dw_kaggle_f","dw","kaggle_f","21","0.8","10","0.7458100558659218","0.9368421052631579","0.8304821150855365","0.7117117117117117","0.8777777777777778","0.7860696517412935","0","","0.0","0","n/a","0","n/a","n/a","n/a"
"21_10_9_dw_kaggle_f","dw","kaggle_f","21","0.9","10","0.9411764705882353","0.7298245614035088","0.8221343873517787","0.9178082191780822","0.7444444444444445","0.8220858895705521","0","","0.0","0","n/a","0","n/a","n/a","n/a"
"22_10_85_dw_kaggle_f","dw","kaggle_f","22","0.85","10","0.9448275862068966","0.4807017543859649","0.6372093023255814","0.9512195121951219","0.43333333333333335","0.5954198473282443","0","","0.0","0","n/a","0","n/a","n/a","n/a"
"22_10_87_dw_kaggle_f","dw","kaggle_f","22","0.875","10","0.952755905511811","0.4245614035087719","0.587378640776699","1.0","0.4","0.5714285714285715","0","","0.0","0","n/a","0","n/a","n/a","n/a"
"22_10_8_dw_kaggle_f","dw","kaggle_f","22","0.8","10","0.907103825136612","0.5824561403508772","0.7094017094017093","0.9215686274509803","0.5222222222222223","0.6666666666666666","0","","0.0","0","n/a","0","n/a","n/a","n/a"
"23_10_7_dw_kaggle_f","dw","kaggle_f","23","0.7","10","0.7299465240641712","0.9578947368421052","0.8285280728376329","0.717948717948718","0.9333333333333333","0.8115942028985509","0","","0.0","0","n/a","0","n/a","n/a","n/a"
"23_10_85_dw_kaggle_f","dw","kaggle_f","23","0.85","10","0.8835341365461847","0.7719298245614035","0.8239700374531834","0.9230769230769231","0.8","0.8571428571428571","0","","0.0","0","n/a","0","n/a","n/a","n/a"
"23_10_87_dw_kaggle_f","dw","kaggle_f","23","0.875","10","0.944954128440367","0.7228070175438597","0.8190854870775349","0.9420289855072463","0.7222222222222222","0.8176100628930817","0","","0.0","0","n/a","0","n/a","n/a","n/a"
"23_10_8_dw_kaggle_f","dw","kaggle_f","23","0.8","10","0.7956656346749226","0.9017543859649123","0.8453947368421052","0.7777777777777778","0.8555555555555555","0.8148148148148148","0","","0.0","0","n/a","0","n/a","n/a","n/a"
"23_10_9_dw_kaggle_f","dw","kaggle_f","23","0.9","10","0.9664804469273743","0.6070175438596491","0.7456896551724138","0.9629629629629629","0.5777777777777777","0.7222222222222221","0","","0.0","0","n/a","0","n/a","n/a","n/a"
"24_10_85_dw_kaggle_f","dw","kaggle_f","24","0.85","10","0.9094488188976378","0.8105263157894737","0.8571428571428572","0.8795180722891566","0.8111111111111111","0.8439306358381503","0","","0.0","0","n/a","0","n/a","n/a","n/a"
"24_10_87_dw_kaggle_f","dw","kaggle_f","24","0.875","10","0.9288702928870293","0.7789473684210526","0.8473282442748091","0.868421052631579","0.7333333333333333","0.7951807228915663","0","","0.0","0","n/a","0","n/a","n/a","n/a"
"24_10_8_dw_kaggle_f","dw","kaggle_f","24","0.8","10","0.9305019305019305","0.8456140350877193","0.8860294117647057","0.8734177215189873","0.7666666666666667","0.8165680473372781","0","","0.0","0","n/a","0","n/a","n/a","n/a"
"25_10_85_dw_kaggle_f","dw","kaggle_f","25","0.85","10","0.9497206703910615","0.5964912280701754","0.7327586206896551","0.9375","0.5","0.6521739130434783","0","","0.0","0","n/a","0","n/a","n/a","n/a"
"25_10_87_dw_kaggle_f","dw","kaggle_f","25","0.875","10","0.952","0.41754385964912283","0.5804878048780489","0.9696969696969697","0.35555555555555557","0.5203252032520325","0","","0.0","0","n/a","0","n/a","n/a","n/a"
"25_10_8_dw_kaggle_f","dw","kaggle_f","25","0.8","10","0.9027027027027027","0.5859649122807018","0.7106382978723405","0.9230769230769231","0.5333333333333333","0.676056338028169","0","","0.0","0","n/a","0","n/a","n/a","n/a"
"26_10_85_dw_kaggle_f","dw","kaggle_f","26","0.85","10","0.9018867924528302","0.8385964912280702","0.8690909090909091","0.9080459770114943","0.8777777777777778","0.8926553672316384","0","","0.0","0","n/a","0","n/a","n/a","n/a"
"26_10_87_dw_kaggle_f","dw","kaggle_f","26","0.875","10","0.9305019305019305","0.8456140350877193","0.8860294117647057","0.8734177215189873","0.7666666666666667","0.8165680473372781","0","","0.0","0","n/a","0","n/a","n/a","n/a"
"26_10_8_dw_kaggle_f","dw","kaggle_f","26","0.8","10","0.92578125","0.8315789473684211","0.8761552680221811","0.8860759493670886","0.7777777777777778","0.8284023668639053","0","","0.0","0","n/a","0","n/a","n/a","n/a"
"27_10_7_dw_kaggle_f","dw","kaggle_f","27","0.7","10","0.5802469135802469","0.9894736842105263","0.7315175097276265","0.546583850931677","0.9777777777777777","0.701195219123506","0","","0.0","0","n/a","0","n/a","n/a","n/a"
"27_10_85_dw_kaggle_f","dw","kaggle_f","27","0.85","10","0.7409470752089137","0.9333333333333333","0.8260869565217391","0.7053571428571429","0.8777777777777778","0.7821782178217822","0","","0.0","0","n/a","0","n/a","n/a","n/a"
"27_10_87_dw_kaggle_f","dw","kaggle_f","27","0.875","10","0.7687687687687688","0.8982456140350877","0.8284789644012944","0.7403846153846154","0.8555555555555555","0.7938144329896907","0","","0.0","0","n/a","0","n/a","n/a","n/a"
"27_10_8_dw_kaggle_f","dw","kaggle_f","27","0.8","10","0.6715686274509803","0.9614035087719298","0.7907647907647907","0.656","0.9111111111111111","0.7627906976744186","0","","0.0","0","n/a","0","n/a","n/a","n/a"
"27_10_9_dw_kaggle_f","dw","kaggle_f","27","0.9","10","0.7935483870967742","0.8631578947368421","0.8268907563025211","0.7835051546391752","0.8444444444444444","0.8128342245989305","0","","0.0","0","n/a","0","n/a","n/a","n/a"
"29_10_7_dw_kaggle_f","dw","kaggle_f","29","0.7","10","0.6861313868613139","0.9894736842105263","0.810344827586207","0.6564885496183206","0.9555555555555556","0.7782805429864253","0","","0.0","0","n/a","0","n/a","n/a","n/a"
"29_10_85_dw_kaggle_f","dw","kaggle_f","29","0.85","10","0.864963503649635","0.8315789473684211","0.8479427549194991","0.8505747126436781","0.8222222222222222","0.8361581920903955","0","","0.0","0","n/a","0","n/a","n/a","n/a"
"29_10_87_dw_kaggle_f","dw","kaggle_f","29","0.875","10","0.9020408163265307","0.775438596491228","0.8339622641509434","0.9230769230769231","0.8","0.8571428571428571","0","","0.0","0","n/a","0","n/a","n/a","n/a"
"29_10_8_dw_kaggle_f","dw","kaggle_f","29","0.8","10","0.8042168674698795","0.9368421052631579","0.8654781199351702","0.8118811881188119","0.9111111111111111","0.8586387434554974","0","","0.0","0","n/a","0","n/a","n/a","n/a"
"29_10_9_dw_kaggle_f","dw","kaggle_f","29","0.9","10","0.9136363636363637","0.7052631578947368","0.7960396039603961","0.9428571428571428","0.7333333333333333","0.8250000000000001","0","","0.0","0","n/a","0","n/a","n/a","n/a"
"30_10_7_dw_kaggle_f","dw","kaggle_f","30","0.7","10","0.7974683544303798","0.8842105263157894","0.8386023294509153","0.83","0.9222222222222223","0.8736842105263158","0","","0.0","0","n/a","0","n/a","n/a","n/a"
"30_10_85_dw_kaggle_f","dw","kaggle_f","30","0.85","10","0.8795180722891566","0.512280701754386","0.6474501108647449","0.8775510204081632","0.4777777777777778","0.6187050359712231","0","","0.0","0","n/a","0","n/a","n/a","n/a"
"30_10_87_dw_kaggle_f","dw","kaggle_f","30","0.875","10","0.9020979020979021","0.45263157894736844","0.6028037383177569","0.8974358974358975","0.3888888888888889","0.5426356589147286","0","","0.0","0","n/a","0","n/a","n/a","n/a"
"30_10_8_dw_kaggle_f","dw","kaggle_f","30","0.8","10","0.8672566371681416","0.6877192982456141","0.767123287671233","0.855072463768116","0.6555555555555556","0.7421383647798742","0","","0.0","0","n/a","0","n/a","n/a","n/a"
"30_10_9_dw_kaggle_f","dw","kaggle_f","30","0.9","10","0.9137931034482759","0.3719298245614035","0.5286783042394015","1.0","0.34444444444444444","0.512396694214876","0","","0.0","0","n/a","0","n/a","n/a","n/a"
"5_10_7_dw_kaggle_f","dw","kaggle_f","5","0.7","10","0.5423076923076923","0.9894736842105263","0.7006211180124223","0.5174418604651163","0.9888888888888889","0.6793893129770993","0","","0.0","0","n/a","0","n/a","n/a","n/a"
"5_10_85_dw_kaggle_f","dw","kaggle_f","5","0.85","10","0.6267942583732058","0.9192982456140351","0.7453769559032717","0.572463768115942","0.8777777777777778","0.6929824561403508","0","","0.0","0","n/a","0","n/a","n/a","n/a"
"5_10_87_dw_kaggle_f","dw","kaggle_f","5","0.875","10","0.625615763546798","0.8912280701754386","0.7351664254703328","0.5735294117647058","0.8666666666666667","0.6902654867256638","0","","0.0","0","n/a","0","n/a","n/a","n/a"
"5_10_8_dw_kaggle_f","dw","kaggle_f","5","0.8","10","0.6057906458797327","0.9543859649122807","0.7411444141689373","0.5675675675675675","0.9333333333333333","0.7058823529411765","0","","0.0","0","n/a","0","n/a","n/a","n/a"
"5_10_9_dw_kaggle_f","dw","kaggle_f","5","0.9","10","0.6310432569974554","0.8701754385964913","0.7315634218289087","0.5714285714285714","0.8444444444444444","0.6816143497757847","0","","0.0","0","n/a","0","n/a","n/a","n/a"
"6_10_7_dw_kaggle_f","dw","kaggle_f","6","0.7","10","0.6385542168674698","0.9298245614035088","0.757142857142857","0.6076923076923076","0.8777777777777778","0.718181818181818","0","","0.0","0","n/a","0","n/a","n/a","n/a"
"6_10_85_dw_kaggle_f","dw","kaggle_f","6","0.85","10","0.9521276595744681","0.6280701754385964","0.7568710359408033","0.9661016949152542","0.6333333333333333","0.7651006711409396","0","","0.0","0","n/a","0","n/a","n/a","n/a"
"6_10_87_dw_kaggle_f","dw","kaggle_f","6","0.875","10","0.949438202247191","0.5929824561403508","0.7300215982721382","0.96","0.5333333333333333","0.6857142857142858","0","","0.0","0","n/a","0","n/a","n/a","n/a"
"6_10_8_dw_kaggle_f","dw","kaggle_f","6","0.8","10","0.8694029850746269","0.8175438596491228","0.8426763110307415","0.8192771084337349","0.7555555555555555","0.7861271676300577","0","","0.0","0","n/a","0","n/a","n/a","n/a"
"6_10_9_dw_kaggle_f","dw","kaggle_f","6","0.9","10","0.9473684210526315","0.37894736842105264","0.5413533834586467","1.0","0.34444444444444444","0.512396694214876","0","","0.0","0","n/a","0","n/a","n/a","n/a"
"7_10_85_dw_kaggle_f","dw","kaggle_f","7","0.85","10","0.9625","0.5403508771929825","0.6921348314606741","0.9777777777777777","0.4888888888888889","0.6518518518518519","0","","0.0","0","n/a","0","n/a","n/a","n/a"
"8_10_85_dw_kaggle_f","dw","kaggle_f","8","0.85","10","0.8984962406015038","0.8385964912280702","0.8675136116152451","0.8351648351648352","0.8444444444444444","0.839779005524862","0","","0.0","0","n/a","0","n/a","n/a","n/a"
"8_10_87_dw_kaggle_f","dw","kaggle_f","8","0.875","10","0.8996138996138996","0.8175438596491228","0.8566176470588235","0.8235294117647058","0.7777777777777778","0.7999999999999999","0","","0.0","0","n/a","0","n/a","n/a","n/a"
"8_10_8_dw_kaggle_f","dw","kaggle_f","8","0.8","10","0.8984375","0.8070175438596491","0.8502772643253235","0.8192771084337349","0.7555555555555555","0.7861271676300577","0","","0.0","0","n/a","0","n/a","n/a","n/a"
"8_10_9_dw_kaggle_f","dw","kaggle_f","8","0.9","10","1.0","0.017543859649122806","0.034482758620689655","0.75","0.03333333333333333","0.06382978723404256","0","","0.0","0","n/a","0","n/a","n/a","n/a"
"9_10_7_dw_kaggle_f","dw","kaggle_f","9","0.7","10","0.6385542168674698","0.9298245614035088","0.757142857142857","0.6076923076923076","0.8777777777777778","0.718181818181818","0","","0.0","0","n/a","0","n/a","n/a","n/a"
"9_10_85_dw_kaggle_f","dw","kaggle_f","9","0.85","10","0.9521276595744681","0.6280701754385964","0.7568710359408033","0.9661016949152542","0.6333333333333333","0.7651006711409396","0","","0.0","0","n/a","0","n/a","n/a","n/a"
"9_10_87_dw_kaggle_f","dw","kaggle_f","9","0.875","10","0.949438202247191","0.5929824561403508","0.7300215982721382","0.96","0.5333333333333333","0.6857142857142858","0","","0.0","0","n/a","0","n/a","n/a","n/a"
"9_10_8_dw_kaggle_f","dw","kaggle_f","9","0.8","10","0.8694029850746269","0.8175438596491228","0.8426763110307415","0.8192771084337349","0.7555555555555555","0.7861271676300577","0","","0.0","0","n/a","0","n/a","n/a","n/a"
"9_10_9_dw_kaggle_f","dw","kaggle_f","9","0.9","10","0.9473684210526315","0.37894736842105264","0.5413533834586467","1.0","0.34444444444444444","0.512396694214876","0","","0.0","0","n/a","0","n/a","n/a","n/a"
"10_10_85_forbes_kaggle_f","forbes","kaggle_f","10","0.85","10","0.9166666666666666","0.4604651162790698","0.6130030959752322","0.9411764705882353","0.45714285714285713","0.6153846153846154","0","","0.0","0","n/a","0","n/a","n/a","n/a"
"10_10_87_forbes_kaggle_f","forbes","kaggle_f","10","0.875","10","0.868421052631579","0.15348837209302327","0.2608695652173913","0.9090909090909091","0.14285714285714285","0.24691358024691357","0","","0.0","0","n/a","0","n/a","n/a","n/a"
"10_10_8_forbes_kaggle_f","forbes","kaggle_f","10","0.8","10","0.9264705882352942","0.586046511627907","0.717948717948718","0.9090909090909091","0.5714285714285714","0.7017543859649122","0","","0.0","0","n/a","0","n/a","n/a","n/a"
"10_10_9_forbes_kaggle_f","forbes","kaggle_f","10","0.9","10","0.8125","0.06046511627906977","0.11255411255411255","1.0","0.02857142857142857","0.05555555555555556","0","","0.0","0","n/a","0","n/a","n/a","n/a"
"11_10_85_forbes_kaggle_f","forbes","kaggle_f","11","0.85","10","0.9252336448598131","0.4604651162790698","0.6149068322981367","0.9411764705882353","0.45714285714285713","0.6153846153846154","0","","0.0","0","n/a","0","n/a","n/a","n/a"
"11_10_87_forbes_kaggle_f","forbes","kaggle_f","11","0.875","10","0.868421052631579","0.15348837209302327","0.2608695652173913","0.9090909090909091","0.14285714285714285","0.24691358024691357","0","","0.0","0","n/a","0","n/a","n/a","n/a"
"11_10_8_forbes_kaggle_f","forbes","kaggle_f","11","0.8","10","0.9328358208955224","0.5813953488372093","0.7163323782234958","0.9069767441860465","0.5571428571428572","0.6902654867256637","0","","0.0","0","n/a","0","n/a","n/a","n/a"
"11_10_9_forbes_kaggle_f","forbes","kaggle_f","11","0.9","10","0.8125","0.06046511627906977","0.11255411255411255","1.0","0.02857142857142857","0.05555555555555556","0","","0.0","0","n/a","0","n/a","n/a","n/a"
"12_10_85_forbes_kaggle_f","forbes","kaggle_f","12","0.85","10","0.9217391304347826","0.4930232558139535","0.6424242424242423","0.918918918918919","0.4857142857142857","0.6355140186915889","0","","0.0","0","n/a","0","n/a","n/a","n/a"
"12_10_87_forbes_kaggle_f","forbes","kaggle_f","12","0.875","10","0.8604651162790697","0.17209302325581396","0.2868217054263566","0.9166666666666666","0.15714285714285714","0.26829268292682923","0","","0.0","0","n/a","0","n/a","n/a","n/a"
"12_10_8_forbes_kaggle_f","forbes","kaggle_f","12","0.8","10","0.9060402684563759","0.627906976744186","0.7417582417582417","0.9130434782608695","0.6","0.7241379310344828","0","","0.0","0","n/a","0","n/a","n/a","n/a"
"12_10_9_forbes_kaggle_f","forbes","kaggle_f","12","0.9","10","0.868421052631579","0.15348837209302327","0.2608695652173913","0.9090909090909091","0.14285714285714285","0.24691358024691357","0","","0.0","0","n/a","0","n/a","n/a","n/a"
"13_10_85_forbes_kaggle_f","forbes","kaggle_f","13","0.85","10","0.927461139896373","0.8325581395348837","0.877450980392157","0.896551724137931","0.7428571428571429","0.8125","0","","0.0","0","n/a","0","n/a","n/a","n/a"
"13_10_87_forbes_kaggle_f","forbes","kaggle_f","13","0.875","10","0.927461139896373","0.8325581395348837","0.877450980392157","0.896551724137931","0.7428571428571429","0.8125","0","","0.0","0","n/a","0","n/a","n/a","n/a"
"13_10_8_forbes_kaggle_f","forbes","kaggle_f","13","0.8","10","0.927461139896373","0.8325581395348837","0.877450980392157","0.896551724137931","0.7428571428571429","0.8125","0","","0.0","0","n/a","0","n/a","n/a","n/a"
"13_10_9_forbes_kaggle_f","forbes","kaggle_f","13","0.9","10","0.927461139896373","0.8325581395348837","0.877450980392157","0.896551724137931","0.7428571428571429","0.8125","0","","0.0","0","n/a","0","n/a","n/a","n/a"
"14_10_7_forbes_kaggle_f","forbes","kaggle_f","14","0.7","10","0.5947521865889213","0.9488372093023256","0.7311827956989247","0.591304347826087","0.9714285714285714","0.7351351351351352","0","","0.0","0","n/a","0","n/a","n/a","n/a"
"14_10_85_forbes_kaggle_f","forbes","kaggle_f","14","0.85","10","0.9259259259259259","0.813953488372093","0.8663366336633663","0.873015873015873","0.7857142857142857","0.8270676691729324","0","","0.0","0","n/a","0","n/a","n/a","n/a"
"14_10_87_forbes_kaggle_f","forbes","kaggle_f","14","0.875","10","0.9269662921348315","0.7674418604651163","0.8396946564885497","0.896551724137931","0.7428571428571429","0.8125","0","","0.0","0","n/a","0","n/a","n/a","n/a"
"14_10_8_forbes_kaggle_f","forbes","kaggle_f","14","0.8","10","0.6573426573426573","0.8744186046511628","0.7504990019960079","0.6444444444444445","0.8285714285714286","0.7250000000000001","0","","0.0","0","n/a","0","n/a","n/a","n/a"
"14_10_9_forbes_kaggle_f","forbes","kaggle_f","14","0.9","10","0.9365079365079365","0.5488372093023256","0.6920821114369501","0.9487179487179487","0.5285714285714286","0.6788990825688073","0","","0.0","0","n/a","0","n/a","n/a","n/a"
"15_10_7_forbes_kaggle_f","forbes","kaggle_f","15","0.7","10","0.8289473684210527","0.8790697674418605","0.8532731376975169","0.835820895522388","0.8","0.8175182481751825","0","","0.0","0","n/a","0","n/a","n/a","n/a"
"15_10_85_forbes_kaggle_f","forbes","kaggle_f","15","0.85","10","0.8461538461538461","0.15348837209302327","0.25984251968503935","0.9166666666666666","0.15714285714285714","0.26829268292682923","0","","0.0","0","n/a","0","n/a","n/a","n/a"
"15_10_87_forbes_kaggle_f","forbes","kaggle_f","15","0.875","10","0.868421052631579","0.15348837209302327","0.2608695652173913","0.9090909090909091","0.14285714285714285","0.24691358024691357","0","","0.0","0","n/a","0","n/a","n/a","n/a"
"15_10_8_forbes_kaggle_f","forbes","kaggle_f","15","0.8","10","0.9041095890410958","0.6139534883720931","0.7313019390581718","0.9090909090909091","0.5714285714285714","0.7017543859649122","0","","0.0","0","n/a","0","n/a","n/a","n/a"
"15_10_9_forbes_kaggle_f","forbes","kaggle_f","15","0.9","10","0.8125","0.06046511627906977","0.11255411255411255","1.0","0.02857142857142857","0.05555555555555556","0","","0.0","0","n/a","0","n/a","n/a","n/a"
"16_10_85_forbes_kaggle_f","forbes","kaggle_f","16","0.85","10","0.8817204301075269","0.3813953488372093","0.5324675324675325","0.8571428571428571","0.34285714285714286","0.4897959183673469","0","","0.0","0","n/a","0","n/a","n/a","n/a"
"16_10_87_forbes_kaggle_f","forbes","kaggle_f","16","0.875","10","0.9230769230769231","0.27906976744186046","0.42857142857142855","0.85","0.24285714285714285","0.3777777777777778","0","","0.0","0","n/a","0","n/a","n/a","n/a"
"16_10_8_forbes_kaggle_f","forbes","kaggle_f","16","0.8","10","0.8904109589041096","0.6046511627906976","0.7202216066481995","0.9090909090909091","0.5714285714285714","0.7017543859649122","0","","0.0","0","n/a","0","n/a","n/a","n/a"
"16_10_9_forbes_kaggle_f","forbes","kaggle_f","16","0.9","10","0.8666666666666667","0.12093023255813953","0.21224489795918366","0.9090909090909091","0.14285714285714285","0.24691358024691357","0","","0.0","0","n/a","0","n/a","n/a","n/a"
"17_10_7_forbes_kaggle_f","forbes","kaggle_f","17","0.7","10","0.5915492957746479","0.9767441860465116","0.7368421052631579","0.591304347826087","0.9714285714285714","0.7351351351351352","0","","0.0","0","n/a","0","n/a","n/a","n/a"
"17_10_85_forbes_kaggle_f","forbes","kaggle_f","17","0.85","10","0.8598130841121495","0.8558139534883721","0.8578088578088578","0.8571428571428571","0.7714285714285715","0.81203007518797","0","","0.0","0","n/a","0","n/a","n/a","n/a"
"17_10_87_forbes_kaggle_f","forbes","kaggle_f","17","0.875","10","0.9130434782608695","0.7813953488372093","0.8421052631578947","0.9090909090909091","0.7142857142857143","0.8","0","","0.0","0","n/a","0","n/a","n/a","n/a"
"17_10_8_forbes_kaggle_f","forbes","kaggle_f","17","0.8","10","0.810126582278481","0.8930232558139535","0.8495575221238938","0.7808219178082192","0.8142857142857143","0.7972027972027972","0","","0.0","0","n/a","0","n/a","n/a","n/a"
"17_10_9_forbes_kaggle_f","forbes","kaggle_f","17","0.9","10","0.9308176100628931","0.6883720930232559","0.7914438502673797","0.9148936170212766","0.6142857142857143","0.7350427350427351","0","","0.0","0","n/a","0","n/a","n/a","n/a"
"18_10_7_forbes_kaggle_f","forbes","kaggle_f","18","0.7","10","0.5833333333333334","0.9767441860465116","0.7304347826086957","0.576271186440678","0.9714285714285714","0.723404255319149","0","","0.0","0","n/a","0","n/a","n/a","n/a"
"18_10_85_forbes_kaggle_f","forbes","kaggle_f","18","0.85","10","0.8720379146919431","0.8558139534883721","0.8638497652582159","0.8571428571428571","0.7714285714285715","0.81203007518797","0","","0.0","0","n/a","0","n/a","n/a","n/a"
"18_10_87_forbes_kaggle_f","forbes","kaggle_f","18","0.875","10","0.9226519337016574","0.7767441860465116","0.8434343434343434","0.9090909090909091","0.7142857142857143","0.8","0","","0.0","0","n/a","0","n/a","n/a","n/a"
"18_10_8_forbes_kaggle_f","forbes","kaggle_f","18","0.8","10","0.7768924302788844","0.9069767441860465","0.8369098712446351","0.7468354430379747","0.8428571428571429","0.7919463087248322","0","","0.0","0","n/a","0","n/a","n/a","n/a"
"18_10_9_forbes_kaggle_f","forbes","kaggle_f","18","0.9","10","0.9299363057324841","0.6790697674418604","0.7849462365591398","0.9347826086956522","0.6142857142857143","0.7413793103448276","0","","0.0","0","n/a","0","n/a","n/a","n/a"
"19_10_7_forbes_kaggle_f","forbes","kaggle_f","19","0.7","10","0.7950819672131147","0.9023255813953488","0.8453159041394335","0.759493670886076","0.8571428571428571","0.8053691275167785","0","","0.0","0","n/a","0","n/a","n/a","n/a"
"19_10_85_forbes_kaggle_f","forbes","kaggle_f","19","0.85","10","0.9349112426035503","0.7348837209302326","0.8229166666666666","0.9411764705882353","0.6857142857142857","0.7933884297520661","0","","0.0","0","n/a","0","n/a","n/a","n/a"
"19_10_87_forbes_kaggle_f","forbes","kaggle_f","19","0.875","10","0.9411764705882353","0.6697674418604651","0.782608695652174","0.9318181818181818","0.5857142857142857","0.7192982456140351","0","","0.0","0","n/a","0","n/a","n/a","n/a"
"19_10_8_forbes_kaggle_f","forbes","kaggle_f","19","0.8","10","0.8774509803921569","0.8325581395348837","0.854415274463007","0.8571428571428571","0.7714285714285715","0.81203007518797","0","","0.0","0","n/a","0","n/a","n/a","n/a"
"19_10_9_forbes_kaggle_f","forbes","kaggle_f","19","0.9","10","0.9215686274509803","0.4372093023255814","0.5930599369085173","0.9393939393939394","0.44285714285714284","0.6019417475728155","0","","0.0","0","n/a","0","n/a","n/a","n/a"
"20_10_85_forbes_kaggle_f","forbes","kaggle_f","20","0.85","10","0.9052631578947369","0.4","0.5548387096774193","0.9354838709677419","0.4142857142857143","0.5742574257425743","0","","0.0","0","n/a","0","n/a","n/a","n/a"
"20_10_87_forbes_kaggle_f","forbes","kaggle_f","20","0.875","10","0.84375","0.12558139534883722","0.21862348178137653","0.9","0.12857142857142856","0.225","0","","0.0","0","n/a","0","n/a","n/a","n/a"
"20_10_8_forbes_kaggle_f","forbes","kaggle_f","20","0.8","10","0.84375","0.12558139534883722","0.21862348178137653","0.9","0.12857142857142856","0.225","0","","0.0","0","n/a","0","n/a","n/a","n/a"
"20_10_9_forbes_kaggle_f","forbes","kaggle_f","20","0.9","10","0.84375","0.12558139534883722","0.21862348178137653","0.9","0.12857142857142856","0.225","0","","0.0","0","n/a","0","n/a","n/a","n/a"
"21_10_7_forbes_kaggle_f","forbes","kaggle_f","21","0.7","10","0.5821727019498607","0.9720930232558139","0.7282229965156793","0.5655737704918032","0.9857142857142858","0.71875","0","","0.0","0","n/a","0","n/a","n/a","n/a"
"21_10_85_forbes_kaggle_f","forbes","kaggle_f","21","0.85","10","0.8616071428571429","0.8976744186046511","0.8792710706150342","0.8493150684931506","0.8857142857142857","0.8671328671328671","0","","0.0","0","n/a","0","n/a","n/a","n/a"
"21_10_87_forbes_kaggle_f","forbes","kaggle_f","21","0.875","10","0.8985507246376812","0.8651162790697674","0.8815165876777251","0.9076923076923077","0.8428571428571429","0.8740740740740741","0","","0.0","0","n/a","0","n/a","n/a","n/a"
"21_10_8_forbes_kaggle_f","forbes","kaggle_f","21","0.8","10","0.746268656716418","0.9302325581395349","0.8281573498964803","0.7613636363636364","0.9571428571428572","0.8481012658227849","0","","0.0","0","n/a","0","n/a","n/a","n/a"
"21_10_9_forbes_kaggle_f","forbes","kaggle_f","21","0.9","10","0.9315789473684211","0.8232558139534883","0.8740740740740741","0.9152542372881356","0.7714285714285715","0.8372093023255813","0","","0.0","0","n/a","0","n/a","n/a","n/a"
"22_10_85_forbes_kaggle_f","forbes","kaggle_f","22","0.85","10","0.9396551724137931","0.5069767441860465","0.6586102719033233","0.9047619047619048","0.5428571428571428","0.6785714285714285","0","","0.0","0","n/a","0","n/a","n/a","n/a"
"22_10_87_forbes_kaggle_f","forbes","kaggle_f","22","0.875","10","0.9326923076923077","0.4511627906976744","0.6081504702194358","0.8857142857142857","0.44285714285714284","0.5904761904761905","0","","0.0","0","n/a","0","n/a","n/a","n/a"
"22_10_8_forbes_kaggle_f","forbes","kaggle_f","22","0.8","10","0.9139072847682119","0.641860465116279","0.7540983606557378","0.9230769230769231","0.6857142857142857","0.7868852459016394","0","","0.0","0","n/a","0","n/a","n/a","n/a"
"22_10_9_forbes_kaggle_f","forbes","kaggle_f","22","0.9","10","0.9390243902439024","0.3581395348837209","0.5185185185185185","0.8695652173913043","0.2857142857142857","0.4301075268817204","0","","0.0","0","n/a","0","n/a","n/a","n/a"
"23_10_7_forbes_kaggle_f","forbes","kaggle_f","23","0.7","10","0.7212543554006968","0.9627906976744186","0.8247011952191234","0.7127659574468085","0.9571428571428572","0.8170731707317074","0","","0.0","0","n/a","0","n/a","n/a","n/a"
"23_10_85_forbes_kaggle_f","forbes","kaggle_f","23","0.85","10","0.9064039408866995","0.8558139534883721","0.8803827751196173","0.9152542372881356","0.7714285714285715","0.8372093023255813","0","","0.0","0","n/a","0","n/a","n/a","n/a"
"23_10_87_forbes_kaggle_f","forbes","kaggle_f","23","0.875","10","0.9251336898395722","0.8046511627906977","0.8606965174129353","0.9122807017543859","0.7428571428571429","0.8188976377952757","0","","0.0","0","n/a","0","n/a","n/a","n/a"
"23_10_8_forbes_kaggle_f","forbes","kaggle_f","23","0.8","10","0.826271186440678","0.9069767441860465","0.8647450110864745","0.8243243243243243","0.8714285714285714","0.8472222222222222","0","","0.0","0","n/a","0","n/a","n/a","n/a"
"23_10_9_forbes_kaggle_f","forbes","kaggle_f","23","0.9","10","0.926829268292683","0.5302325581395348","0.6745562130177515","0.926829268292683","0.5428571428571428","0.6846846846846847","0","","0.0","0","n/a","0","n/a","n/a","n/a"
"24_10_85_forbes_kaggle_f","forbes","kaggle_f","24","0.85","10","0.926829268292683","0.8837209302325582","0.9047619047619047","0.9375","0.8571428571428571","0.8955223880597014","0","","0.0","0","n/a","0","n/a","n/a","n/a"
"24_10_87_forbes_kaggle_f","forbes","kaggle_f","24","0.875","10","0.9246231155778895","0.8558139534883721","0.8888888888888888","0.9152542372881356","0.7714285714285715","0.8372093023255813","0","","0.0","0","n/a","0","n/a","n/a","n/a"
"24_10_8_forbes_kaggle_f","forbes","kaggle_f","24","0.8","10","0.9246231155778895","0.8558139534883721","0.8888888888888888","0.9152542372881356","0.7714285714285715","0.8372093023255813","0","","0.0","0","n/a","0","n/a","n/a","n/a"
"24_10_9_forbes_kaggle_f","forbes","kaggle_f","24","0.9","10","0.9246231155778895","0.8558139534883721","0.8888888888888888","0.9152542372881356","0.7714285714285715","0.8372093023255813","0","","0.0","0","n/a","0","n/a","n/a","n/a"
"25_10_85_forbes_kaggle_f","forbes","kaggle_f","25","0.85","10","0.9375","0.4883720930232558","0.6422018348623854","0.9","0.5142857142857142","0.6545454545454545","0","","0.0","0","n/a","0","n/a","n/a","n/a"
"25_10_87_forbes_kaggle_f","forbes","kaggle_f","25","0.875","10","0.9438202247191011","0.39069767441860465","0.5526315789473684","0.90625","0.4142857142857143","0.5686274509803921","0","","0.0","0","n/a","0","n/a","n/a","n/a"
"25_10_8_forbes_kaggle_f","forbes","kaggle_f","25","0.8","10","0.9041095890410958","0.6139534883720931","0.7313019390581718","0.92","0.6571428571428571","0.7666666666666667","0","","0.0","0","n/a","0","n/a","n/a","n/a"
"25_10_9_forbes_kaggle_f","forbes","kaggle_f","25","0.9","10","0.927536231884058","0.29767441860465116","0.4507042253521127","0.9","0.2571428571428571","0.39999999999999997","0","","0.0","0","n/a","0","n/a","n/a","n/a"
"26_10_85_forbes_kaggle_f","forbes","kaggle_f","26","0.85","10","0.9358288770053476","0.813953488372093","0.8706467661691544","0.9322033898305084","0.7857142857142857","0.8527131782945736","0","","0.0","0","n/a","0","n/a","n/a","n/a"
"26_10_87_forbes_kaggle_f","forbes","kaggle_f","26","0.875","10","0.9464285714285714","0.7395348837209302","0.8302872062663185","0.9230769230769231","0.6857142857142857","0.7868852459016394","0","","0.0","0","n/a","0","n/a","n/a","n/a"
"26_10_8_forbes_kaggle_f","forbes","kaggle_f","26","0.8","10","0.9313725490196079","0.8837209302325582","0.9069212410501194","0.9354838709677419","0.8285714285714286","0.8787878787878788","0","","0.0","0","n/a","0","n/a","n/a","n/a"
"26_10_9_forbes_kaggle_f","forbes","kaggle_f","26","0.9","10","0.9313725490196079","0.8837209302325582","0.9069212410501194","0.9354838709677419","0.8285714285714286","0.8787878787878788","0","","0.0","0","n/a","0","n/a","n/a","n/a"
"27_10_7_forbes_kaggle_f","forbes","kaggle_f","27","0.7","10","0.5276381909547738","0.9767441860465116","0.6851549755301793","0.5426356589147286","1.0","0.7035175879396984","0","","0.0","0","n/a","0","n/a","n/a","n/a"
"27_10_85_forbes_kaggle_f","forbes","kaggle_f","27","0.85","10","0.7613636363636364","0.9348837209302325","0.8392484342379959","0.7471264367816092","0.9285714285714286","0.8280254777070064","0","","0.0","0","n/a","0","n/a","n/a","n/a"
"27_10_87_forbes_kaggle_f","forbes","kaggle_f","27","0.875","10","0.8376068376068376","0.9116279069767442","0.8730512249443206","0.8051948051948052","0.8857142857142857","0.8435374149659864","0","","0.0","0","n/a","0","n/a","n/a","n/a"
"27_10_8_forbes_kaggle_f","forbes","kaggle_f","27","0.8","10","0.6520376175548589","0.9674418604651163","0.7790262172284643","0.6355140186915887","0.9714285714285714","0.768361581920904","0","","0.0","0","n/a","0","n/a","n/a","n/a"
"27_10_9_forbes_kaggle_f","forbes","kaggle_f","27","0.9","10","0.863013698630137","0.8790697674418605","0.8709677419354839","0.8805970149253731","0.8428571428571429","0.8613138686131387","0","","0.0","0","n/a","0","n/a","n/a","n/a"
"29_10_7_forbes_kaggle_f","forbes","kaggle_f","29","0.7","10","0.6635220125786163","0.9813953488372092","0.7917448405253282","0.6730769230769231","1.0","0.8045977011494253","0","","0.0","0","n/a","0","n/a","n/a","n/a"
"29_10_85_forbes_kaggle_f","forbes","kaggle_f","29","0.85","10","0.8577777777777778","0.8976744186046511","0.8772727272727272","0.8472222222222222","0.8714285714285714","0.8591549295774648","0","","0.0","0","n/a","0","n/a","n/a","n/a"
"29_10_87_forbes_kaggle_f","forbes","kaggle_f","29","0.875","10","0.8888888888888888","0.8558139534883721","0.872037914691943","0.875","0.8","0.8358208955223881","0","","0.0","0","n/a","0","n/a","n/a","n/a"
"29_10_8_forbes_kaggle_f","forbes","kaggle_f","29","0.8","10","0.7898832684824902","0.9441860465116279","0.8601694915254237","0.8","0.9714285714285714","0.8774193548387097","0","","0.0","0","n/a","0","n/a","n/a","n/a"
"29_10_9_forbes_kaggle_f","forbes","kaggle_f","29","0.9","10","0.9","0.7116279069767442","0.7948051948051947","0.9230769230769231","0.6857142857142857","0.7868852459016394","0","","0.0","0","n/a","0","n/a","n/a","n/a"
"30_10_7_forbes_kaggle_f","forbes","kaggle_f","30","0.7","10","0.75","0.9627906976744186","0.8431771894093686","0.7674418604651163","0.9428571428571428","0.8461538461538461","0","","0.0","0","n/a","0","n/a","n/a","n/a"
"30_10_85_forbes_kaggle_f","forbes","kaggle_f","30","0.85","10","0.7884615384615384","0.3813953488372093","0.5141065830721002","0.8064516129032258","0.35714285714285715","0.495049504950495","0","","0.0","0","n/a","0","n/a","n/a","n/a"
"30_10_87_forbes_kaggle_f","forbes","kaggle_f","30","0.875","10","0.8356164383561644","0.2837209302325581","0.4236111111111111","0.782608695652174","0.2571428571428571","0.3870967741935484","0","","0.0","0","n/a","0","n/a","n/a","n/a"
"30_10_8_forbes_kaggle_f","forbes","kaggle_f","30","0.8","10","0.8146067415730337","0.6744186046511628","0.737913486005089","0.8035714285714286","0.6428571428571429","0.7142857142857142","0","","0.0","0","n/a","0","n/a","n/a","n/a"
"30_10_9_forbes_kaggle_f","forbes","kaggle_f","30","0.9","10","0.8292682926829268","0.15813953488372093","0.265625","0.7692307692307693","0.14285714285714285","0.24096385542168672","0","","0.0","0","n/a","0","n/a","n/a","n/a"
"5_10_7_forbes_kaggle_f","forbes","kaggle_f","5","0.7","10","0.5023923444976076","0.9767441860465116","0.6635071090047392","0.5109489051094891","1.0","0.6763285024154589","0","","0.0","0","n/a","0","n/a","n/a","n/a"
"5_10_85_forbes_kaggle_f","forbes","kaggle_f","5","0.85","10","0.6160990712074303","0.9255813953488372","0.7397769516728625","0.6090909090909091","0.9571428571428572","0.7444444444444446","0","","0.0","0","n/a","0","n/a","n/a","n/a"
"5_10_87_forbes_kaggle_f","forbes","kaggle_f","5","0.875","10","0.6343042071197411","0.9116279069767442","0.7480916030534351","0.6190476190476191","0.9285714285714286","0.742857142857143","0","","0.0","0","n/a","0","n/a","n/a","n/a"
"5_10_8_forbes_kaggle_f","forbes","kaggle_f","5","0.8","10","0.5830985915492958","0.9627906976744186","0.7263157894736841","0.5528455284552846","0.9714285714285714","0.7046632124352332","0","","0.0","0","n/a","0","n/a","n/a","n/a"
"5_10_9_forbes_kaggle_f","forbes","kaggle_f","5","0.9","10","0.6390728476821192","0.8976744186046511","0.746615087040619","0.6262626262626263","0.8857142857142857","0.7337278106508875","0","","0.0","0","n/a","0","n/a","n/a","n/a"
"6_10_7_forbes_kaggle_f","forbes","kaggle_f","6","0.7","10","0.6132930513595166","0.9441860465116279","0.7435897435897436","0.5871559633027523","0.9142857142857143","0.7150837988826816","0","","0.0","0","n/a","0","n/a","n/a","n/a"
"6_10_85_forbes_kaggle_f","forbes","kaggle_f","6","0.85","10","0.9264705882352942","0.586046511627907","0.717948717948718","0.9111111111111111","0.5857142857142857","0.7130434782608697","0","","0.0","0","n/a","0","n/a","n/a","n/a"
"6_10_87_forbes_kaggle_f","forbes","kaggle_f","6","0.875","10","0.918918918918919","0.4744186046511628","0.6257668711656441","0.9411764705882353","0.45714285714285713","0.6153846153846154","0","","0.0","0","n/a","0","n/a","n/a","n/a"
"6_10_8_forbes_kaggle_f","forbes","kaggle_f","6","0.8","10","0.8921568627450981","0.8465116279069768","0.8687350835322196","0.8852459016393442","0.7714285714285715","0.8244274809160306","0","","0.0","0","n/a","0","n/a","n/a","n/a"
"6_10_9_forbes_kaggle_f","forbes","kaggle_f","6","0.9","10","0.868421052631579","0.15348837209302327","0.2608695652173913","0.9090909090909091","0.14285714285714285","0.24691358024691357","0","","0.0","0","n/a","0","n/a","n/a","n/a"
"7_10_85_forbes_kaggle_f","forbes","kaggle_f","7","0.85","10","0.5","0.013953488372093023","0.027149321266968326","1.0","0.014285714285714285","0.028169014084507043","0","","0.0","0","n/a","0","n/a","n/a","n/a"
"7_10_8_forbes_kaggle_f","forbes","kaggle_f","7","0.8","10","0.910828025477707","0.6651162790697674","0.7688172043010753","0.8979591836734694","0.6285714285714286","0.7394957983193275","0","","0.0","0","n/a","0","n/a","n/a","n/a"
"7_10_9_forbes_kaggle_f","forbes","kaggle_f","7","0.9","10","0.9166666666666666","0.30697674418604654","0.4599303135888501","0.9047619047619048","0.2714285714285714","0.41758241758241754","0","","0.0","0","n/a","0","n/a","n/a","n/a"
"8_10_85_forbes_kaggle_f","forbes","kaggle_f","8","0.85","10","0.9528795811518325","0.8465116279069768","0.8965517241379309","0.9","0.7714285714285715","0.8307692307692307","0","","0.0","0","n/a","0","n/a","n/a","n/a"
"8_10_8_forbes_kaggle_f","forbes","kaggle_f","8","0.8","10","0.9528795811518325","0.8465116279069768","0.8965517241379309","0.9","0.7714285714285715","0.8307692307692307","0","","0.0","0","n/a","0","n/a","n/a","n/a"
"8_10_9_forbes_kaggle_f","forbes","kaggle_f","8","0.9","10","0.96875","0.7209302325581395","0.8266666666666667","0.9215686274509803","0.6714285714285714","0.7768595041322314","0","","0.0","0","n/a","0","n/a","n/a","n/a"
"9_10_7_forbes_kaggle_f","forbes","kaggle_f","9","0.7","10","0.6132930513595166","0.9441860465116279","0.7435897435897436","0.5871559633027523","0.9142857142857143","0.7150837988826816","0","","0.0","0","n/a","0","n/a","n/a","n/a"
"9_10_85_forbes_kaggle_f","forbes","kaggle_f","9","0.85","10","0.9264705882352942","0.586046511627907","0.717948717948718","0.9111111111111111","0.5857142857142857","0.7130434782608697","0","","0.0","0","n/a","0","n/a","n/a","n/a"
"9_10_87_forbes_kaggle_f","forbes","kaggle_f","9","0.875","10","0.918918918918919","0.4744186046511628","0.6257668711656441","0.9411764705882353","0.45714285714285713","0.6153846153846154","0","","0.0","0","n/a","0","n/a","n/a","n/a"
"9_10_8_forbes_kaggle_f","forbes","kaggle_f","9","0.8","10","0.8921568627450981","0.8465116279069768","0.8687350835322196","0.8852459016393442","0.7714285714285715","0.8244274809160306","0","","0.0","0","n/a","0","n/a","n/a","n/a"
"9_10_9_forbes_kaggle_f","forbes","kaggle_f","9","0.9","10","0.868421052631579","0.15348837209302327","0.2608695652173913","0.9090909090909091","0.14285714285714285","0.24691358024691357","0","","0.0","0","n/a","0","n/a","n/a","n/a"
"27_10_85_dbpedia_kaggle_f","dbpedia","kaggle_f","27","0.85","10","0.7295081967213115","0.9401408450704225","0.8215384615384616","0.7751937984496124","0.970873786407767","0.8620689655172413","0","","0.0","0","n/a","0","n/a","n/a","n/a"
"31_10_9_forbes_kaggle_f","forbes","kaggle_f","31","0.9","10","0.9270833333333334","0.827906976744186","0.8746928746928746","0.9272727272727272","0.7285714285714285","0.8159999999999998","0","","0.0","0","n/a","0","n/a","n/a","n/a"
